City_ID,City,Lat,Lng,Max Temp,Humidity,Cloudiness,Wind Speed,Country,Date
<<<<<<< HEAD
0,port elizabeth,-33.918,25.5701,10.16,81,0,5.66,ZA,1721534654
1,ushuaia,-54.8,-68.3,2.81,75,75,11.32,AR,1721534655
2,richards bay,-28.783,32.0377,15.3,88,32,1.71,ZA,1721534656
3,wailua homesteads,22.0669,-159.378,26.44,76,75,4.63,US,1721534390
4,quellon,-43.1167,-73.6167,6.66,90,89,0.27,CL,1721534117
5,whitehorse,60.7161,-135.0538,24.43,41,75,3.6,CA,1721534461
6,ust-nera,64.5667,143.2,13.08,95,100,1.98,RU,1721534661
7,saint-pierre,-21.3393,55.4781,20.32,63,0,3.6,RE,1721534662
8,ghat,24.9647,10.1728,28.33,18,4,1.02,LY,1721534663
9,bereket,39.2446,55.5154,34.81,16,12,4.37,TM,1721534664
10,caleta de carquin,-11.0925,-77.6267,15.77,85,5,4.99,PE,1721534666
11,olyokminsk,60.3736,120.4264,27.66,26,21,2.21,RU,1721534667
12,vorkuta,67.5,64.0,12.26,47,6,3.2,RU,1721534668
13,puerto ayora,-0.7393,-90.3518,20.86,95,96,4.92,EC,1721534669
14,bethel,41.3712,-73.414,23.63,89,100,1.48,US,1721534670
15,ribeira grande,38.5167,-28.7,22.65,90,20,1.34,PT,1721534672
16,chinchilla,-26.75,150.6333,18.9,39,0,1.34,AU,1721534673
17,waitangi,-43.9535,-176.5597,11.57,99,100,1.34,NZ,1721534674
18,jaicos,-7.3592,-41.1378,19.27,68,18,2.22,BR,1721534675
19,moama,-36.1167,144.7833,12.21,88,97,4.35,AU,1721534676
20,egilsstadir,65.2653,-14.3948,7.95,93,100,2.06,IS,1721534678
21,fene,43.45,-8.15,15.27,90,98,0.84,ES,1721534679
22,grytviken,-54.2811,-36.5092,0.55,84,51,4.43,GS,1721534680
23,cill airne,52.05,-9.5167,11.56,96,100,2.1,IE,1721534681
24,galliano,29.4422,-90.2992,27.22,89,0,0.0,US,1721534682
25,udachny,66.4167,112.4,25.91,37,99,6.98,RU,1721534684
26,papatowai,-46.5619,169.4708,8.91,92,96,4.67,NZ,1721534685
27,micheweni,-4.9667,39.8333,23.77,81,85,4.18,TZ,1721534687
28,carnarvon,-24.8667,113.6333,20.6,36,0,3.21,AU,1721534688
29,mildura,-34.2,142.15,16.71,68,15,7.67,AU,1721534690
30,albany,42.6001,-73.9662,20.37,71,100,1.94,US,1721534691
31,gadzhiyevo,69.2551,33.3362,17.72,60,73,3.27,RU,1721534692
32,remire-montjoly,4.9167,-52.2667,25.02,100,0,0.0,GF,1721534693
33,kingston,17.997,-76.7936,29.53,74,20,7.72,JM,1721533985
34,isafjordur,66.0755,-23.124,5.22,77,100,4.3,IS,1721534695
35,port-aux-francais,-49.35,70.2167,1.94,78,100,9.32,TF,1721534697
36,stanley,54.868,-1.6985,13.17,87,76,6.74,GB,1721534698
37,dolbeau-mistassini,48.8763,-72.212,10.36,73,0,3.09,CA,1721534699
38,la paz,-16.5,-68.15,4.76,54,0,3.09,BO,1721534272
39,qaqortoq,60.7167,-46.0333,4.9,89,89,0.47,GL,1721534701
40,anadyr,64.75,177.4833,14.28,67,40,3.0,RU,1721534703
41,bredasdorp,-34.5322,20.0403,6.67,90,93,1.91,ZA,1721534704
42,edinburgh of the seven seas,-37.0676,-12.3116,13.69,83,100,11.46,SH,1721534705
43,belyy yar,53.6039,91.3903,24.94,61,0,2.0,RU,1721534706
44,aasiaat,68.7098,-52.8699,3.89,91,86,2.83,GL,1721534707
45,zaozersk,69.4005,32.4476,18.66,63,56,2.55,RU,1721534709
46,tiksi,71.6872,128.8694,7.43,62,90,5.28,RU,1721534710
47,bastia,42.6667,9.3333,23.5,83,0,2.06,FR,1721534711
48,pontalina,-17.525,-49.4472,16.78,50,0,2.27,BR,1721534712
49,dalnegorsk,44.5604,135.5701,19.29,100,100,0.24,RU,1721534713
50,cidreira,-30.1811,-50.2056,15.91,92,98,7.16,BR,1721534715
51,naro-fominsk,55.3875,36.7331,17.38,85,7,2.72,RU,1721534716
52,lincheng,19.9078,109.6858,30.22,72,44,7.12,CN,1721534717
53,adamstown,-25.066,-130.1015,14.07,83,100,1.3,PN,1721534718
54,banikoara,11.2985,2.4386,22.59,90,100,1.8,BJ,1721534719
55,dunedin,-45.8742,170.5036,11.56,73,100,0.45,NZ,1721534453
56,fort mcmurray,56.7268,-111.381,24.77,69,0,2.06,CA,1721534722
57,luanshya,-13.1367,28.4166,12.64,58,3,1.8,ZM,1721534723
58,porto novo,6.4965,2.6036,25.9,88,94,4.21,BJ,1721534724
59,hamilton,39.1834,-84.5333,21.65,75,0,0.0,US,1721534725
60,gewane,10.1664,40.6453,27.51,56,100,6.26,ET,1721534727
61,puerto natales,-51.7236,-72.4875,4.88,77,98,3.45,CL,1721534728
62,ephraim,39.3597,-111.5863,21.01,53,57,4.83,US,1721534729
63,margaret river,-33.95,115.0667,17.46,58,90,8.73,AU,1721534730
64,kuraymah,18.55,31.85,33.94,36,50,4.7,SD,1721534731
65,san patricio,28.017,-97.5169,29.36,74,2,4.59,US,1721534733
66,yellowknife,62.456,-114.3525,20.31,67,100,2.57,CA,1721534734
67,thompson,55.7435,-97.8558,19.09,55,20,1.03,CA,1721534735
68,zhanaozen,43.3,52.8,29.49,38,77,6.33,KZ,1721534736
69,iqaluit,63.7506,-68.5145,6.85,81,20,2.06,CA,1721534737
70,sinop,41.7711,34.8709,20.24,67,0,1.34,TR,1721534739
71,jinghong,21.991,100.7341,24.59,97,100,0.17,CN,1721534740
72,avarua,-21.2078,-159.775,23.03,64,20,5.14,CK,1721534741
73,morant bay,17.8815,-76.4093,29.79,90,100,5.69,JM,1721534742
74,george town,5.4112,100.3354,32.96,69,20,5.14,MY,1721534743
75,kerikeri,-35.2268,173.9474,17.17,84,76,2.24,NZ,1721534747
76,fuglafjordur,62.244,-6.814,11.26,97,100,4.27,FO,1721534748
77,mora,11.0461,14.1401,23.61,84,100,0.93,CM,1721534749
78,jamestown,42.097,-79.2353,17.77,88,0,1.54,US,1721534751
79,west island,-12.1568,96.8225,29.99,74,40,5.66,CC,1721534752
80,ebon,4.582,168.6964,28.65,76,98,5.82,MH,1721534233
81,longyearbyen,78.2186,15.6401,7.91,76,75,2.06,SJ,1721534755
82,namibe,-15.1961,12.1522,15.45,89,3,0.57,AO,1721534757
83,praia da vitoria,38.7333,-27.0667,23.14,94,40,1.85,PT,1721534759
84,dien bien phu,21.3833,103.0167,28.61,75,100,0.53,VN,1721534760
85,dampit,-8.2116,112.7493,27.83,53,19,2.6,ID,1721534761
86,blackmans bay,-43.0167,147.3167,12.63,71,98,1.79,AU,1721534762
87,north platte,41.1239,-100.7654,21.71,75,36,2.24,US,1721534764
88,palmer,42.1584,-72.3287,21.21,90,0,0.0,US,1721534765
89,olonets,60.9847,32.9698,17.44,93,100,3.65,RU,1721534766
90,iskateley,67.6803,53.1512,11.06,55,47,1.77,RU,1721534767
91,ujae,8.9322,165.7642,28.3,79,12,6.04,MH,1721534243
92,sao joao da barra,-21.6403,-41.0511,17.77,87,0,3.61,BR,1721534770
93,pokachi,61.7198,75.3683,16.39,46,100,8.05,RU,1721534771
94,freetown,8.484,-13.2299,25.84,94,75,2.57,SL,1721534772
95,college,64.8569,-147.8028,25.6,40,20,1.54,US,1721534773
96,talnakh,69.4865,88.3972,12.81,46,35,8.12,RU,1721534774
97,kapuskasing,49.4169,-82.4331,11.0,82,0,2.06,CA,1721534776
98,peace river,56.2501,-117.286,27.17,50,0,2.06,CA,1721534777
99,lebu,-37.6167,-73.65,6.37,80,1,6.41,CL,1721534778
100,dakhla,23.6848,-15.958,19.65,87,0,10.72,EH,1721534779
101,olinda,-8.0089,-34.8553,21.85,94,75,3.09,BR,1721534218
102,pisco,-13.7,-76.2167,14.03,88,3,1.03,PE,1721534782
103,taro,-8.3862,115.28,24.0,58,53,1.87,ID,1721534783
104,tabuk,17.4189,121.4443,24.93,95,100,1.21,PH,1721534784
105,kulhudhuffushi,6.6221,73.07,28.14,80,100,5.24,MV,1721534785
106,inhambane,-23.865,35.3833,18.25,84,19,1.02,MZ,1721534786
107,punta arenas,-53.15,-70.9167,5.06,75,40,5.14,CL,1721534788
108,codrington,-38.2667,141.9667,14.03,82,99,7.24,AU,1721534789
109,kurumkan,54.3,110.3,30.99,33,54,1.71,RU,1721534790
110,pangkalanbuun,-2.6833,111.6167,30.17,57,93,2.06,ID,1721534791
111,tchintabaraden,15.8969,5.7985,27.46,68,52,5.17,NE,1721534792
112,kiunga,-6.1219,141.2906,22.92,84,100,0.76,PG,1721534794
113,los andes,-32.8337,-70.5983,7.23,81,23,1.82,CL,1721534795
114,alice springs,-23.7,133.8833,16.75,25,0,5.66,AU,1721534796
115,ilulissat,69.2167,-51.1,8.01,66,90,2.06,GL,1721534797
116,cullowhee,35.3137,-83.1765,21.53,96,75,1.54,US,1721534799
117,lihue,21.9789,-159.3672,26.77,71,75,4.63,US,1721534527
118,mount pearl,47.5166,-52.7813,16.92,88,0,2.67,CA,1721534801
119,payyannur,12.1,75.2,27.64,84,100,4.03,IN,1721534802
120,changji,44.0167,87.3167,28.44,42,0,2.0,CN,1721534803
121,st. john's,47.5649,-52.7093,17.38,88,0,2.95,CA,1721534805
122,edson,53.5835,-116.4356,27.08,50,0,3.09,CA,1721534707
123,saipan,15.1355,145.701,32.39,70,75,9.77,MP,1721534807
124,provins,48.5833,3.1667,18.86,98,96,3.52,FR,1721534808
125,zambezi,-13.5432,23.1047,10.04,31,1,1.93,ZM,1721534809
126,keflavik,64.0049,-22.5624,9.24,87,0,7.72,IS,1721534811
127,sainte-suzanne,-20.9061,55.6089,19.86,80,0,4.12,RE,1721534812
128,afaahiti,-17.75,-149.2833,23.93,60,91,10.81,PF,1721534813
129,colwyn bay,53.2948,-3.7267,13.3,90,61,4.02,GB,1721534814
130,nadym,65.5333,72.5167,13.33,50,55,5.69,RU,1721534815
131,ivanteyevka,55.9711,37.9208,18.03,100,2,0.45,RU,1721534817
132,rudsar,37.1376,50.288,25.4,82,97,1.35,IR,1721534818
133,urzhar,47.093,81.6294,26.09,49,28,2.83,KZ,1721534819
134,invercargill,-46.4,168.35,9.45,92,91,2.24,NZ,1721534820
135,mobaye,4.319,21.1786,20.7,98,99,0.19,CF,1721534821
136,itoman,26.1247,127.6694,35.01,64,40,6.17,JP,1721534823
137,rongelap,11.1635,166.8941,28.17,81,10,7.6,MH,1721534824
138,uturoa,-16.7333,-151.4333,24.47,63,80,11.56,PF,1721534825
139,shilka,51.85,116.0333,31.24,30,54,3.55,RU,1721534826
140,konarka,19.9,86.1167,29.24,78,100,6.49,IN,1721534827
141,stillwater,36.1156,-97.0584,26.34,73,40,3.09,US,1721534829
142,hagere maryam,5.6333,38.2333,14.87,88,100,0.56,ET,1721534830
143,hermanus,-34.4187,19.2345,6.56,81,93,2.49,ZA,1721534831
144,ballina,-28.8667,153.5667,19.23,26,0,2.5,AU,1721534832
145,nhamunda,-2.1861,-56.7131,23.05,90,77,1.8,BR,1721534833
146,fortuna,40.5982,-124.1573,16.07,96,100,4.12,US,1721534835
147,aykhal,66.0,111.5,24.82,38,82,9.43,RU,1721534836
148,chimbarongo,-34.7,-71.05,11.28,73,1,1.44,CL,1721534837
149,castillos,-34.1667,-53.8333,12.57,97,100,2.78,UY,1721534838
150,kone,-21.0595,164.8658,23.04,54,9,3.89,NC,1721534839
151,lerma,42.0261,-3.7598,12.31,90,15,4.5,ES,1721534841
152,gualeguay,-33.1416,-59.3097,12.16,89,100,2.65,AR,1721534842
153,jacarau,-6.6122,-35.2928,19.52,97,58,3.5,BR,1721534843
154,ta`u,-14.2336,-169.5144,26.51,72,50,8.41,AS,1721534844
155,daru,-9.0763,143.2092,24.66,81,98,6.02,PG,1721534845
156,saldanha,-33.0117,17.9442,10.68,76,100,3.32,ZA,1721534847
157,enewetak,11.3474,162.3373,28.75,78,17,6.87,MH,1721534848
158,hawaiian paradise park,19.5933,-154.9731,26.73,80,40,3.09,US,1721534849
159,tolanaro,-25.0319,46.9987,17.69,85,0,1.6,MG,1721534850
160,nar'yan-mar,67.6713,53.087,11.06,55,48,1.74,RU,1721534851
161,tsiombe,-25.3,45.4833,15.98,86,10,0.72,MG,1721534853
162,nantucket,41.2835,-70.0995,23.89,94,0,4.12,US,1721534574
163,georgetown,5.4112,100.3354,32.96,58,20,5.14,MY,1721534855
164,christchurch,-43.5333,172.6333,10.11,79,100,6.17,NZ,1721534856
165,cabo san lucas,22.8909,-109.9124,27.88,59,20,6.26,MX,1721534592
166,eldoret,0.5204,35.2699,12.73,91,75,1.75,KE,1721534858
167,hotan,37.0997,79.9269,32.31,20,3,0.68,CN,1721534860
168,susuman,62.7833,148.1667,10.87,90,100,1.16,RU,1721534861
169,la ronge,55.1001,-105.2842,22.4,51,8,1.64,CA,1721534862
170,kamenica,50.8333,12.9167,19.12,85,3,2.4,DE,1721534863
171,port hueneme,34.1478,-119.1951,26.91,82,0,3.09,US,1721534864
172,ves'yegonsk,58.664,37.2604,16.64,98,100,1.1,RU,1721534866
173,buulobarde,3.8538,45.5674,23.9,82,96,7.25,SO,1721534867
174,naze,28.3667,129.4833,30.06,70,11,2.83,JP,1721534869
175,markaz-e hukumat-e darweshan,31.1323,64.1934,34.34,16,0,4.57,AF,1721534870
176,vorgashor,67.5833,63.95,12.02,48,7,3.38,RU,1721534872
177,new norfolk,-42.7826,147.0587,13.29,80,100,1.38,AU,1721534873
178,huarmey,-10.0681,-78.1522,16.39,85,5,4.48,PE,1721534874
179,beloyarskiy,63.7119,66.6722,12.59,52,22,3.7,RU,1721534875
180,bukittinggi,-0.3091,100.3706,27.79,50,100,0.73,ID,1721534876
181,bikenibeu village,1.3673,173.1241,30.98,74,40,5.66,KI,1721534878
182,port saint john's,-31.6229,29.5448,13.75,74,36,3.37,ZA,1721534879
183,acarau,-2.8856,-40.12,22.94,89,0,6.17,BR,1721534880
184,queenstown,-31.8976,26.8753,0.93,76,32,0.38,ZA,1721534881
185,crane,31.3974,-102.3501,26.88,54,99,9.22,US,1721534884
186,yanam,16.7333,82.2167,29.6,69,97,4.81,IN,1721534885
187,atafu village,-8.5421,-172.5159,28.47,78,57,9.82,TK,1721534886
188,besisahar,28.2313,84.3761,22.82,97,100,0.26,NP,1721534887
189,vadso,70.0744,29.7487,14.49,100,100,1.03,NO,1721534888
190,katabu,-4.9333,122.5167,29.1,65,87,3.56,ID,1721534890
191,minas de matahambre,22.5887,-83.9447,26.54,87,81,2.39,CU,1721534891
192,reggane,26.7158,0.1714,35.36,12,16,4.88,DZ,1721534892
193,port blair,11.6667,92.75,30.02,79,100,5.14,IN,1721534893
194,badger,64.8,-147.5333,25.55,36,20,1.54,US,1721534894
195,kimbe,-5.5502,150.1429,29.02,71,93,5.15,PG,1721534896
196,tiptur,13.2586,76.4783,22.97,80,100,8.28,IN,1721534897
197,fort st. john,56.2499,-120.8529,20.25,81,8,1.7,CA,1721534898
198,guadix,37.2993,-3.1392,20.72,45,0,2.42,ES,1721534899
199,winnemucca,40.973,-117.7357,28.03,21,0,5.66,US,1721534901
200,funafuti,-8.5243,179.1942,31.0,79,75,7.2,TV,1721534903
201,colonia,50.9333,6.95,21.09,88,0,1.54,DE,1721534904
202,salinas,36.6777,-121.6555,18.56,85,75,5.66,US,1721534905
203,vernon,50.2581,-119.2691,29.23,37,0,0.5,CA,1721534907
204,nuuk,64.1835,-51.7216,5.34,100,28,4.12,GL,1721534908
205,faliraki,36.3398,28.1994,27.27,88,0,8.23,GR,1721534909
206,olonkinbyen,70.9221,-8.7187,4.59,97,100,3.7,SJ,1721534910
207,miranda,3.2499,-76.2281,19.9,72,23,2.61,CO,1721534912
208,seybaplaya,19.65,-90.6667,24.54,88,100,3.42,MX,1721534913
209,stowbtsy,53.4785,26.7434,16.05,80,16,1.12,BY,1721534914
210,mugia,43.1041,-9.2179,15.51,75,100,4.38,ES,1721534915
211,aghajari,30.7006,49.8315,39.85,12,0,3.98,IR,1721534916
212,riobamba,-1.6667,-78.6333,8.79,91,82,2.35,EC,1721534918
213,hadibu,12.65,54.0333,26.32,75,99,13.48,YE,1721534919
214,gamay,12.3854,125.2979,32.9,56,84,4.33,PH,1721534920
215,bagli,22.65,76.35,27.42,82,100,5.39,IN,1721534921
216,tura,25.5198,90.2201,29.59,73,100,2.8,IN,1721534922
217,dan sadau,11.2962,6.4952,22.07,92,98,3.95,NG,1721534923
218,urengoy,65.9667,78.3667,14.16,46,4,6.51,RU,1721534925
219,la tuque,47.4334,-72.7824,10.22,83,1,1.29,CA,1721534926
220,adrar,20.5022,-10.0711,35.13,17,91,4.63,MR,1721534927
221,zeya,53.75,127.2667,21.63,76,96,3.2,RU,1721534928
222,bilibino,68.0546,166.4372,14.4,91,100,2.31,RU,1721534929
223,la passe,45.5549,-0.8967,18.88,88,70,6.98,FR,1721534931
224,vilyuysk,63.7553,121.6247,26.21,42,67,0.92,RU,1721534932
225,mweka,-4.85,21.5667,16.84,30,35,1.08,CD,1721534933
226,barcelos,41.5388,-8.6151,18.25,97,80,1.59,PT,1721534934
227,dolores,-36.3132,-57.6792,8.58,97,100,3.47,AR,1721534935
228,manthani,18.65,79.6667,24.73,92,100,6.29,IN,1721534937
229,sonoita,31.85,-112.8333,33.56,40,26,3.89,MX,1721534938
230,shimoda,34.6667,138.95,32.84,72,90,2.84,JP,1721534939
231,selfoss,63.9331,-20.9971,10.02,85,67,3.75,IS,1721534940
232,usinsk,65.9939,57.5281,12.86,52,12,4.32,RU,1721534942
233,sao paulo de olivenca,-3.3783,-68.8725,22.65,93,56,1.25,BR,1721534943
234,sunnyvale,37.3688,-122.0363,21.05,73,0,6.17,US,1721534926
235,mokopane,-24.1944,29.0097,9.04,33,15,0.54,ZA,1721534945
236,americus,32.0724,-84.2327,22.77,100,20,2.06,US,1721534946
237,loralai,30.3705,68.598,26.73,57,99,1.03,PK,1721534948
238,killingly center,41.8387,-71.8692,22.08,91,100,0.45,US,1721534949
239,vanimo,-2.6741,141.3028,25.38,92,100,1.27,PG,1721534950
240,moranbah,-22.0016,148.0466,20.99,24,0,5.0,AU,1721534951
241,nova sintra,14.8667,-24.7167,24.82,88,30,5.4,CV,1721534952
242,petropavlovsk-kamchatsky,53.0452,158.6483,19.33,64,20,7.0,RU,1721534954
243,mongo,12.1844,18.693,24.65,82,100,2.56,TD,1721534955
244,vila franca do campo,37.7167,-25.4333,22.23,93,48,2.0,PT,1721534956
245,greenbrier,36.4276,-86.8047,22.47,96,20,0.0,US,1721534957
246,brokopondo,4.75,-55.1667,24.98,88,92,2.57,SR,1721534958
247,susanville,40.4163,-120.653,23.91,40,86,1.77,US,1721534961
248,makokou,0.5738,12.8642,18.88,92,26,1.36,GA,1721534962
249,dwarka,22.2394,68.9678,29.8,83,11,3.65,IN,1721534963
250,san jose de guanipa,8.8872,-64.1651,24.79,86,0,3.83,VE,1721534965
251,gizo,-8.103,156.8419,27.68,82,34,6.81,SB,1721534966
252,masuguru,-11.3667,38.4167,16.6,81,27,0.4,TZ,1721534967
253,garoowe,8.4054,48.4845,24.59,59,78,11.17,SO,1721534968
254,bakchar,57.0186,82.0711,23.26,60,65,1.96,RU,1721534969
255,nili,33.7218,66.1302,24.04,22,0,0.87,AF,1721534971
256,qui nhon,13.7667,109.2333,30.89,63,100,7.18,VN,1721534972
257,san blas,21.5167,-105.2667,26.28,85,85,1.18,MX,1721534973
258,ndjole,-0.1783,10.7649,22.09,77,98,1.73,GA,1721534974
259,masterton,-40.9597,175.6575,13.82,76,38,1.46,NZ,1721534975
260,qarayeri,40.7886,46.3066,23.49,88,75,3.09,AZ,1721534977
261,tazacorte,28.629,-17.9293,22.54,88,0,6.17,ES,1721534978
262,an nuhud,12.7,28.4333,26.29,70,97,7.15,SD,1721534979
263,utrik,11.2278,169.8474,27.86,82,15,7.69,MH,1721534980
264,xingtai,37.0631,114.4942,38.92,32,75,3.86,CN,1721534981
265,slave lake,55.2834,-114.769,21.65,71,38,1.0,CA,1721534972
266,mejit,10.2753,170.8646,28.13,80,21,6.9,MH,1721534984
267,kruisfontein,-34.0033,24.7314,6.05,89,27,3.32,ZA,1721534985
268,kapa'a,22.0752,-159.319,27.18,74,75,5.14,US,1721534986
269,flying fish cove,-10.4217,105.6791,24.82,94,100,4.12,CX,1721534989
270,el bolson,-41.9667,-71.5167,0.08,82,4,1.71,AR,1721534990
271,dryden,49.7833,-92.7503,15.94,53,8,2.57,CA,1721534991
272,kodiak,57.79,-152.4072,12.73,94,100,3.6,US,1721534992
273,natal,-5.795,-35.2094,21.36,88,75,2.57,BR,1721534993
274,undurkhaan,47.3194,110.6556,24.68,56,100,4.3,MN,1721534995
275,savannakhet,16.566,104.751,26.38,90,100,4.53,LA,1721534996
276,weno,7.4515,151.8468,31.97,74,75,3.6,FM,1721534997
277,luderitz,-26.6481,15.1594,13.19,61,74,6.19,NA,1721534998
278,akkus,40.7931,37.0164,17.71,82,0,0.3,TR,1721535000
279,beledweyne,4.7358,45.2036,24.18,75,95,7.98,SO,1721535001
280,arawa,-6.2132,155.5367,29.87,72,38,2.66,PG,1721535002
281,whangarei,-35.7317,174.3239,14.48,94,62,3.27,NZ,1721535003
282,chonchi,-42.6128,-73.8092,5.62,96,56,0.85,CL,1721535004
283,tejen,37.3834,60.5054,32.59,17,0,1.14,TM,1721535006
284,guajara mirim,-10.7828,-65.3394,21.97,51,5,1.2,BR,1721535007
285,tazovsky,67.4667,78.7,10.1,51,0,5.85,RU,1721535008
286,ingeniero luis a. huergo,-39.0833,-67.2333,2.72,45,0,3.41,AR,1721535009
287,tirmiz,37.2242,67.2783,30.05,26,20,4.12,UZ,1721535010
288,mount gambier,-37.8333,140.7667,13.26,93,89,5.76,AU,1721535012
289,puerto cortez,15.8333,-87.95,23.45,87,100,3.58,HN,1721534856
290,ola,59.5833,151.2833,12.88,83,100,1.8,RU,1721535014
291,yeniseysk,58.4497,92.1703,25.01,50,52,3.54,RU,1721535015
292,al muwayh,22.4333,41.7583,29.74,16,98,0.86,SA,1721535016
293,mohr,54.3528,9.7167,18.08,82,16,2.57,DE,1721535018
294,lebanon,36.2081,-86.2911,23.63,93,40,0.0,US,1721535019
295,kupang,-10.1667,123.5833,31.32,58,20,6.17,ID,1721535020
296,sao felix do xingu,-6.6447,-51.995,22.64,52,49,1.12,BR,1721535021
297,greenville,35.6127,-77.3663,23.02,98,40,1.54,US,1721535022
298,champerico,14.3,-91.9167,26.57,80,85,2.28,GT,1721535024
299,howrah,22.5892,88.3103,32.0,79,75,4.12,IN,1721535025
300,kilindoni,-7.9139,39.6668,24.81,71,24,5.6,TZ,1721535026
301,shelekhov,52.2139,104.1,20.21,98,100,1.66,RU,1721535027
302,juneau,58.3019,-134.4197,18.95,91,75,2.06,US,1721535028
303,saint-joseph,-21.3667,55.6167,20.82,82,23,3.11,RE,1721535030
304,vung tau,10.346,107.0843,26.48,85,100,7.34,VN,1721535031
305,basco,20.4487,121.9702,30.14,75,65,4.73,PH,1721535032
306,mossel bay,-34.1831,22.146,10.11,81,77,2.69,ZA,1721535033
307,khanty-mansiysk,61.0042,69.0019,16.06,63,0,4.0,RU,1721535034
308,nakhon phanom,17.3333,104.4167,29.28,75,100,1.69,TH,1721535036
309,al bardiyah,31.7561,25.0865,25.49,81,0,3.58,LY,1721535037
310,margate,51.3813,1.3862,18.16,87,100,2.31,GB,1721535038
311,bom jesus da lapa,-13.255,-43.4181,19.75,66,2,1.57,BR,1721535039
312,sechura,-5.5569,-80.8222,17.74,75,9,6.26,PE,1721535042
313,akureyri,65.6835,-18.0878,8.5,82,100,2.01,IS,1721535043
314,sawakin,19.1059,37.3321,34.41,47,98,1.24,SD,1721535044
315,roma,43.2128,-75.4557,17.63,88,0,0.45,US,1721535045
316,ternate,0.8,127.4,27.75,73,100,3.9,ID,1721535046
317,touros,-5.1989,-35.4608,21.58,91,46,4.77,BR,1721535048
318,ulsteinvik,62.3432,5.8487,18.51,83,2,0.89,NO,1721535049
319,lagoa,39.05,-27.9833,21.93,88,11,4.79,PT,1721535050
320,samana,19.2056,-69.3369,25.75,89,100,2.47,DO,1721535051
321,paragominas,-2.9667,-47.4833,22.69,65,2,1.77,BR,1721535054
322,kijang,35.2442,129.2139,25.39,81,93,5.7,KR,1721535055
323,coquimbo,-29.9533,-71.3436,11.85,88,100,1.03,CL,1721535056
324,commercy,48.75,5.5,17.39,94,100,3.96,FR,1721535057
325,conception bay south,47.4999,-52.9981,17.25,88,0,3.33,CA,1721535059
326,siniscola,40.5719,9.6922,21.75,53,0,1.32,IT,1721535060
327,sinabang,2.4803,96.3801,30.81,64,94,2.56,ID,1721535061
328,constantia,44.1833,28.65,24.28,60,0,0.61,RO,1721535062
329,rikaze,29.25,88.8833,12.87,72,100,0.96,CN,1721535063
330,san luis de la loma,17.2706,-100.8939,26.78,80,62,1.08,MX,1721535065
331,lamu,-2.2717,40.902,24.58,75,99,5.87,KE,1721535066
332,savanna-la-mar,18.219,-78.1332,27.18,88,78,1.29,JM,1721535067
333,port mathurin,-19.6833,63.4167,22.5,73,15,6.17,MU,1721535068
334,havre,49.5833,0.3333,17.41,100,100,3.6,FR,1721535069
335,abong mbang,3.9833,13.1833,19.59,93,99,1.91,CM,1721535071
336,yaren,-0.5472,166.916,28.7,77,19,6.76,NR,1721535072
337,ancud,-41.8697,-73.8203,5.2,88,11,1.84,CL,1721535073
338,sisimiut,66.9395,-53.6735,8.11,81,7,0.21,GL,1721535074
339,fort bragg,35.139,-79.006,24.72,91,0,2.06,US,1721535075
340,solleftea,63.1667,17.2667,15.92,91,16,0.71,SE,1721535078
341,jinka,5.65,36.65,18.44,73,100,1.42,ET,1721535079
342,frutal,-20.0247,-48.9406,18.25,38,0,2.26,BR,1721535080
343,bajil,15.0584,43.2851,33.58,39,82,1.57,YE,1721535081
344,vikulovo,56.8167,70.6107,16.26,92,99,4.97,RU,1721535084
345,mili,6.0815,171.735,28.48,78,48,6.46,MH,1721535085
346,citeureup,-6.4856,106.8819,31.29,57,30,1.73,ID,1721535086
347,kyzyl,51.7,94.45,28.61,33,7,0.93,RU,1721535087
348,aswan,24.0934,32.907,32.42,19,85,3.55,EG,1721535088
349,banfora,10.6333,-4.7667,23.48,92,95,3.08,BF,1721535090
350,nema,57.5067,50.5011,17.68,92,100,2.14,RU,1721535091
351,sangueya,10.7,-14.3667,23.89,96,99,0.71,GN,1721535092
352,sotouboua,8.5667,0.9833,21.66,97,100,1.51,TG,1721535093
353,moab,38.5733,-109.5498,29.03,27,75,2.86,US,1721535049
354,khost,33.3395,69.9204,30.5,47,1,0.98,AF,1721535096
355,morehead city,34.7229,-76.726,29.0,88,75,7.72,US,1721535097
356,fauske,67.2588,15.3918,20.02,75,19,3.23,NO,1721535099
357,idrinskoye,54.3708,92.1358,23.79,75,64,0.87,RU,1721535101
358,'ain deheb,34.8422,1.547,25.38,29,17,4.94,DZ,1721535102
359,nadi,-17.8,177.4167,31.0,45,20,4.12,FJ,1721535103
360,leiyang,26.4024,112.8591,37.77,39,52,4.01,CN,1721535104
361,chernyshevskiy,63.0128,112.4714,24.66,30,71,4.19,RU,1721535105
362,yanjiang,30.1211,104.6481,27.03,88,100,1.11,CN,1721535107
363,atchison,39.563,-95.1216,21.61,86,71,2.31,US,1721535108
364,kwolla,8.9333,9.2833,22.02,97,100,3.03,NG,1721535109
365,sangin,32.0728,64.8359,34.63,11,0,0.56,AF,1721535110
366,ad dabbah,18.05,30.95,34.01,35,35,3.87,SD,1721535111
367,rio grande,-32.035,-52.0986,13.86,95,100,3.9,BR,1721535113
368,mogocha,53.7333,119.7667,26.02,34,99,3.12,RU,1721535114
369,isangel,-19.55,169.2667,23.77,76,99,1.27,VU,1721535115
370,bamboo flat,11.7,92.7167,30.05,79,100,5.14,IN,1721535116
371,salalah,17.0151,54.0924,25.05,100,100,2.06,OM,1721535118
372,itanhem,-17.1664,-40.33,17.67,96,0,0.59,BR,1721535119
373,yeppoon,-23.1333,150.7333,25.14,31,0,3.03,AU,1721535121
374,malegaon,20.55,74.5333,26.13,81,100,3.25,IN,1721535122
375,dalbandin,28.8947,64.4101,34.39,25,67,2.07,PK,1721535124
376,vila velha,-20.3297,-40.2925,19.97,88,75,2.06,BR,1721535125
377,nemuro,43.3236,145.575,17.95,96,100,3.8,JP,1721535126
378,quesnel,52.9999,-122.5029,24.05,53,0,1.83,CA,1721535127
379,ipoh,4.5841,101.0829,33.44,54,100,1.39,MY,1721535017
380,wanxian,30.8039,108.3897,33.91,66,100,1.72,CN,1721535131
381,teknaf,20.8624,92.3058,28.01,88,100,6.61,BD,1721535132
382,polyarnyy,69.1989,33.4478,17.19,60,76,3.42,RU,1721535133
383,mhamid,29.82,-5.72,32.15,21,28,2.51,MA,1721535134
384,vityazevo,44.9931,37.2719,22.23,73,0,2.0,RU,1721535136
385,lukolela,-1.0605,17.1821,20.52,63,73,1.73,CD,1721535137
386,markovo,57.3206,107.0881,29.45,41,99,0.93,RU,1721535138
387,el dorado,38.7666,-120.5177,27.56,46,1,1.98,US,1721535139
388,sungailiat,-1.85,106.1333,30.14,65,31,6.45,ID,1721535140
389,yangshuo,24.7808,110.4897,32.94,61,83,2.29,CN,1721535142
390,callao,-12.0667,-77.15,16.51,77,75,5.66,PE,1721535143
391,nyurba,63.2842,118.3319,25.62,38,66,2.36,RU,1721535144
392,kendari,-3.945,122.4989,27.08,84,53,1.88,ID,1721535145
393,retreat,38.8245,-85.8533,20.81,87,83,2.64,US,1721535147
394,swift current,50.2834,-107.8014,24.11,44,0,3.39,CA,1721535148
395,hithadhoo,-0.6,73.0833,28.89,74,36,3.67,MV,1721535149
396,mount isa,-20.7333,139.5,21.87,20,1,5.14,AU,1721535151
397,novodvinsk,64.4165,40.8122,14.86,54,1,2.71,RU,1721535152
398,saint-francois,46.4154,3.9054,17.69,95,0,2.57,FR,1721535154
399,warrensburg,38.7628,-93.7361,20.94,80,100,2.06,US,1721535155
400,zuwarah,32.9312,12.082,25.59,51,0,1.75,LY,1721535156
401,madison heights,42.4859,-83.1052,21.67,74,100,1.4,US,1721535157
402,siwa oasis,29.2041,25.5195,29.09,37,0,2.43,EG,1721535158
403,anna regina,7.2644,-58.5077,25.58,88,100,1.76,GY,1721535160
404,revda,56.801,59.9303,13.73,98,100,2.81,RU,1721534976
405,la rinconada,37.4873,-5.9826,24.8,63,0,2.06,ES,1721535162
406,griffith,41.5284,-87.4237,21.27,84,0,0.0,US,1721535163
407,berdigestyakh,62.0989,126.6992,26.45,29,0,4.12,RU,1721535164
408,kalabo,-14.97,22.6814,10.83,29,5,2.3,ZM,1721535166
409,al hilaliyya,14.9398,33.234,28.56,61,97,7.97,SD,1721535167
410,chakvi,41.7187,41.7335,22.99,78,75,4.63,GE,1721535168
411,shubarshi,48.5872,57.1869,27.96,37,5,5.35,KZ,1721535169
412,kavaratti,10.5669,72.642,27.36,86,100,7.14,IN,1721535170
413,kayangel,8.0823,134.7173,26.0,84,100,1.73,PW,1721535172
414,port augusta,-32.5,137.7667,17.5,34,5,6.44,AU,1721535173
415,port lincoln,-34.7333,135.8667,15.84,66,38,10.3,AU,1721535174
416,east london,-33.0153,27.9116,12.49,70,13,4.82,ZA,1721535175
417,bishkek,42.87,74.59,25.11,38,0,3.24,KG,1721535177
418,charleston,32.7766,-79.9309,25.01,94,100,2.06,US,1721535178
419,jayapura,-2.5333,140.7,26.66,92,100,1.55,ID,1721535179
420,lae,-6.7221,146.9847,23.5,95,100,3.09,PG,1721535180
421,suoyarvi,62.0833,32.35,16.89,68,86,3.69,RU,1721535183
422,northam,51.0333,-4.2167,14.66,94,100,5.78,GB,1721535184
423,swakopmund,-22.6833,14.5333,10.55,89,46,1.34,NA,1721535185
424,abhar,36.1468,49.218,24.14,46,0,2.93,IR,1721535186
425,dawesville,30.9224,-84.0091,23.98,92,0,0.0,US,1721535131
426,leninskoye,41.7589,69.3864,31.4,18,0,5.51,KZ,1721535189
427,mizdah,31.4451,12.9801,22.96,53,0,1.33,LY,1721535190
428,terrace,54.5163,-128.6035,20.12,64,76,0.52,CA,1721534963
429,nuku'alofa,-21.1333,-175.2,26.19,83,20,3.6,TO,1721535192
430,newman,37.3138,-121.0208,32.99,40,0,5.37,US,1721535193
431,lompoc,34.6391,-120.4579,16.12,89,100,5.14,US,1721535194
432,kilkeel,54.062,-6.0031,9.97,91,62,4.18,GB,1721535196
433,sault ste. marie,46.5168,-84.3333,17.31,82,0,0.0,CA,1721535197
434,kochubeyevskoye,44.6442,41.8453,24.2,50,42,2.04,RU,1721535198
435,moyynkum,44.2914,72.9469,30.12,28,6,5.9,KZ,1721535199
436,bapatla,15.9,80.4667,27.77,75,99,7.23,IN,1721535200
437,laojunmiao,39.8333,97.7333,25.43,23,0,4.29,CN,1721535202
438,ruidoso,33.3317,-105.673,19.05,77,100,5.66,US,1721535203
439,greymouth,-42.4667,171.2,12.58,70,97,0.7,NZ,1721535204
440,butajira,8.1167,38.3667,14.95,91,91,1.4,ET,1721535205
441,rumonge,-3.9736,29.4386,23.3,63,20,1.29,BI,1721535206
442,miramichi,47.0043,-65.4654,17.6,83,43,2.41,CA,1721535208
443,dudinka,69.4058,86.1778,12.74,47,4,7.16,RU,1721535209
444,czarne,53.6842,16.9383,16.05,81,1,1.91,PL,1721535210
445,zulpich,50.7,6.65,20.51,93,75,1.54,DE,1721535211
446,fereydun kenar,36.6864,52.5225,27.0,72,0,4.64,IR,1721535213
447,kourou,5.1552,-52.6478,25.03,91,12,2.54,GF,1721535214
448,kerema,-7.9631,145.7785,25.72,79,74,5.04,PG,1721535215
449,mufumbwe,-13.6833,24.8,11.05,40,1,2.18,ZM,1721535216
450,cockburn town,21.4612,-71.1419,27.98,89,75,7.72,TC,1721535217
451,kachug,53.9606,105.8817,21.46,76,100,2.62,RU,1721535218
452,ponta delgada,37.7333,-25.6667,22.4,88,20,2.06,PT,1721535220
453,dapa,9.7594,126.0531,29.85,68,79,1.56,PH,1721535221
454,imbituba,-28.24,-48.6703,16.59,95,99,4.19,BR,1721535222
455,hakha,22.65,93.6167,22.18,90,100,0.97,MM,1721535223
456,scalea,39.813,15.7956,24.1,80,0,0.58,IT,1721535225
457,adam,22.3756,57.5233,32.12,49,100,1.31,OM,1721535226
458,alaghsas,17.0187,8.0168,30.2,50,89,3.03,NE,1721535227
459,jieshi,22.8134,115.8257,30.67,74,56,5.21,CN,1721535228
460,pierre,44.3683,-100.351,23.51,78,40,2.06,US,1721535229
461,turpan,42.9333,89.1667,39.36,16,0,1.59,CN,1721535231
462,klyuchi,52.2667,79.1667,24.05,55,29,2.61,RU,1721535232
463,viitasaari,63.0667,25.8667,15.52,73,64,3.23,FI,1721535233
464,kuanda,56.3161,116.0806,28.36,42,25,1.12,RU,1721535234
465,murud,18.3258,72.965,25.54,94,100,6.51,IN,1721535235
466,zhengjiatun,43.5064,123.5064,32.07,54,28,5.41,CN,1721535237
467,happy valley-goose bay,53.3168,-60.3315,11.03,90,85,0.78,CA,1721535239
468,meizhou,24.2977,116.1072,35.93,45,45,2.43,CN,1721535241
469,mosjoen,65.836,13.1908,15.29,94,24,1.54,NO,1721535244
470,korla,41.7597,86.1469,32.6,26,0,0.73,CN,1721535245
471,vasyurinskaya,45.1181,39.424,21.94,64,0,2.27,RU,1721535246
472,okha,53.5739,142.9478,16.82,91,98,0.68,RU,1721535248
473,gedo,9.0167,37.45,11.62,98,100,0.65,ET,1721535249
474,fuquay-varina,35.5843,-78.8,23.86,90,17,0.45,US,1721535250
475,iiyama,36.85,138.3667,33.64,52,100,1.33,JP,1721535251
476,vallenar,-28.5708,-70.7581,8.11,82,68,1.87,CL,1721535252
477,cunha,-23.0744,-44.9597,9.32,94,10,1.21,BR,1721535254
478,cururupu,-1.8283,-44.8683,21.67,100,4,0.65,BR,1721535257
479,ulladulla,-35.35,150.4667,16.13,43,0,4.63,AU,1721535258
480,tateyama,34.9833,139.8667,28.15,73,82,2.2,JP,1721535260
481,sandnessjoen,66.0217,12.6316,15.29,74,58,7.45,NO,1721535261
482,nouadhibou,20.931,-17.0347,22.71,73,39,7.73,MR,1721535262
483,onega,63.9061,38.1404,15.41,60,3,2.91,RU,1721535263
484,maputo,-25.9653,32.5892,17.26,92,23,3.55,MZ,1721535264
485,rio gallegos,-51.6226,-69.2181,5.21,70,64,10.96,AR,1721535266
486,hafar al-batin,28.4328,45.9708,34.32,12,0,3.09,SA,1721535267
487,taguatinga,-12.3857,-46.5711,17.98,41,7,1.98,BR,1721535268
488,port alfred,-33.5906,26.891,10.1,81,40,0.89,ZA,1721535269
489,linxia chengguanzhen,35.6003,103.2064,25.82,48,46,1.03,CN,1721535271
490,abepura,-2.6333,140.5833,26.45,89,40,2.06,ID,1721535272
491,taraclia,45.9,28.6689,24.87,54,38,1.23,MD,1721535274
492,saint augustine beach,29.8505,-81.2654,24.0,88,75,4.63,US,1721535275
493,chipata,-13.6333,32.65,13.41,60,3,2.25,ZM,1721535276
494,hammerfest,70.6634,23.6821,13.25,94,99,1.54,NO,1721535278
495,san rafael del yuma,18.4299,-68.6739,27.76,88,100,1.94,DO,1721535279
496,laguna,38.421,-121.4238,30.91,44,0,4.63,US,1721535280
497,kuching,1.55,110.3333,33.34,65,20,2.68,MY,1721535281
498,naxos,37.1056,25.3764,26.84,77,0,2.06,GR,1721535282
499,prince george,53.9166,-122.753,24.05,67,0,1.58,CA,1721535284
500,chifeng,42.2683,118.9636,34.65,31,100,3.55,CN,1721535285
501,longboat key,27.4125,-82.659,28.33,63,0,2.57,US,1721535286
502,rio san juan,19.6439,-70.0763,26.49,91,97,3.51,DO,1721535287
503,lorengau,-2.0226,147.2712,28.55,82,58,6.38,PG,1721535289
504,kas,36.2018,29.6377,31.45,39,0,2.67,TR,1721535290
505,tarinkot,32.6268,65.8733,32.71,11,0,1.3,AF,1721535291
506,katsuren-haebaru,26.3369,127.8719,35.01,66,75,6.17,JP,1721535292
507,broome,42.2506,-75.833,19.74,75,100,0.45,US,1721535293
508,sidi ifni,29.3797,-10.173,19.55,90,33,4.08,MA,1721535295
509,guerrero negro,27.9769,-114.0611,21.27,83,12,5.15,MX,1721535296
510,urucara,-2.5364,-57.76,25.58,63,49,1.1,BR,1721535297
511,singa,13.15,33.9333,25.14,81,100,5.48,SD,1721535298
512,kafranbel,35.6138,36.5645,24.86,57,0,3.1,SY,1721535299
513,bandon,51.7469,-8.7425,11.77,93,80,2.04,IE,1721535301
514,am timan,11.0297,20.2827,22.14,90,100,2.22,TD,1721535302
515,international falls,48.6011,-93.411,18.1,94,0,0.0,US,1721535303
516,souillac,-20.5167,57.5167,21.86,94,40,2.06,MU,1721535304
517,dingras,18.1032,120.6967,30.86,79,75,3.09,PH,1721535305
518,salem,11.65,78.1667,26.01,74,100,2.31,IN,1721535307
519,thulamahashi,-24.7246,31.1994,13.93,90,19,1.69,ZA,1721535308
520,morondava,-20.2833,44.2833,18.07,76,0,1.99,MG,1721535309
521,obo,5.3998,26.4869,20.04,98,100,1.28,CF,1721535310
522,puerto aysen,-45.4,-72.7,3.58,99,86,1.85,CL,1721535311
523,portland,45.5234,-122.6762,29.38,47,75,4.12,US,1721534702
524,coahuayana de hidalgo,18.7,-103.6583,26.52,84,96,1.03,MX,1721535314
525,russkiy kameshkir,52.8589,46.0892,20.31,67,6,4.88,RU,1721535315
526,leh,34.1667,77.5833,16.22,40,0,3.02,IN,1721535316
527,labasa,-16.4167,179.3833,27.03,66,0,4.43,FJ,1721535317
528,ivdel',60.6911,60.4206,11.39,68,89,4.0,RU,1721535319
529,port douglas,-16.4833,145.4667,21.85,59,50,3.84,AU,1721535201
530,wuchang,44.9143,127.15,26.3,80,99,4.37,CN,1721535321
531,arno,60.1167,18.6333,15.99,94,82,3.25,SE,1721535322
532,zile,40.3031,35.8864,18.77,79,0,0.53,TR,1721535323
533,lerwick,60.1545,-1.1494,12.0,97,100,6.19,GB,1721535325
534,bengkulu,-3.8004,102.2655,29.45,68,10,2.56,ID,1721535326
535,nagqu,31.5,92.0,14.16,65,97,2.87,CN,1721535327
536,saint croix,17.7397,-64.7388,27.25,88,40,3.09,VI,1721535328
537,arraial do cabo,-22.9661,-42.0278,20.16,73,0,1.13,BR,1721535331
538,coeur d'alene,47.6777,-116.7805,29.34,42,0,2.57,US,1721535168
539,ebaye,8.7748,167.7392,28.01,89,75,2.57,MH,1721535333
540,vieste,41.8825,16.175,25.77,79,0,2.9,IT,1721535334
541,portoferraio,42.8115,10.3146,24.98,79,1,2.2,IT,1721535335
542,vilyuchinsk,52.9306,158.4028,20.15,86,100,2.69,RU,1721535336
543,suva,-18.1416,178.4415,26.71,78,40,4.12,FJ,1721535338
544,manokwari,-0.8667,134.0833,24.97,91,100,3.12,ID,1721535339
545,oeiras do para,-2.0031,-49.8544,23.97,78,45,1.57,BR,1721535341
546,wewak,-3.5534,143.6268,28.68,73,100,1.22,PG,1721535343
547,farafangana,-22.8167,47.8333,17.42,89,2,2.54,MG,1721535344
548,whitby,54.4877,-0.615,16.11,83,82,2.68,GB,1721535345
549,canton,23.1167,113.25,32.97,48,65,4.84,CN,1721535208
550,amga,60.8953,131.9608,16.62,90,100,1.15,RU,1721535347
551,ketchikan,55.3422,-131.6461,16.3,86,100,1.16,US,1721535349
552,carutapera,-1.195,-46.02,23.79,91,37,1.9,BR,1721535350
553,mascote,-15.5631,-39.3025,16.91,99,13,1.16,BR,1721535351
554,haiku-pauwela,20.9219,-156.3051,27.87,71,20,8.75,US,1721535352
555,medyn',54.9692,35.8586,15.38,84,4,2.41,RU,1721535353
556,puerto baquerizo moreno,-0.9,-89.6,21.26,82,91,6.24,EC,1721535355
557,argo,37.6333,22.7333,26.55,45,0,1.88,GR,1721535356
558,palangkaraya,-2.2,113.8333,32.14,52,84,1.86,ID,1721535357
559,nova vicosa,-17.8919,-39.3719,22.85,78,27,2.6,BR,1721535358
560,ringkobing,56.0901,8.244,15.99,82,56,4.12,DK,1721535359
561,nafada,11.0956,11.3327,23.66,89,98,3.04,NG,1721535361
562,urazovo,50.0836,38.0395,21.34,51,88,1.71,RU,1721535362
563,trinidad,-14.8333,-64.9,21.46,49,4,0.25,BO,1721535363
564,antsohihy,-14.8796,47.9875,16.98,80,5,1.2,MG,1721535364
565,kralendijk,12.15,-68.2667,28.99,79,75,6.69,BQ,1721535365
=======
0,faya,18.3851,42.4509,22.06,35,21,2.6,SA,1666108228
1,farsund,58.0948,6.8047,13.3,100,0,7.65,NO,1666108228
2,new norfolk,-42.7826,147.0587,11.72,58,12,1.34,AU,1666108230
3,jamestown,42.097,-79.2353,5.77,77,100,9.77,US,1666107934
4,lanzhou,36.0564,103.7922,14.53,48,59,1.2,CN,1666108230
5,ushuaia,-54.8,-68.3,8.81,81,75,3.09,AR,1666108231
6,albany,42.6001,-73.9662,10.36,74,29,2.1,US,1666108231
7,carnarvon,-24.8667,113.6333,20.02,76,0,7.46,AU,1666108232
8,sisimiut,66.9395,-53.6735,2.72,98,100,3.79,GL,1666108235
9,saint-pierre,-21.3393,55.4781,22.82,68,0,5.14,RE,1666108236
10,colorado,-22.8375,-51.9731,20.36,86,96,4.69,BR,1666107965
11,nikolskoye,59.7035,30.7861,8.94,90,100,3.22,RU,1666108237
12,trairi,-3.2778,-39.2689,31.07,51,34,8.09,BR,1666108038
13,dobryanka,58.4619,56.4165,5.63,93,100,3.55,RU,1666108237
14,qaanaaq,77.484,-69.3632,-17.32,74,86,3.36,GL,1666108238
15,mataura,-46.1927,168.8643,2.89,96,97,1.36,NZ,1666108238
16,khatanga,71.9667,102.5,-3.46,96,100,9.84,RU,1666108239
17,tasiilaq,65.6145,-37.6368,2.39,84,99,2.38,GL,1666108239
18,tiksi,71.6872,128.8694,-13.6,93,100,3.09,RU,1666108240
19,puerto ayora,-0.7393,-90.3518,22.98,82,41,1.79,EC,1666108242
20,avarua,-21.2078,-159.775,22.03,73,20,2.57,CK,1666108220
21,nuevo laredo,27.4763,-99.5164,12.15,87,75,3.6,MX,1666108147
22,guiratinga,-16.3494,-53.7583,38.35,14,22,3.1,BR,1666108243
23,rikitea,-23.1203,-134.9692,20.41,65,77,9.23,PF,1666108244
24,dukat,62.55,155.55,-15.51,95,100,5.37,RU,1666108244
25,constitucion,-35.3333,-72.4167,15.04,61,79,3.61,CL,1666108245
26,senneterre,48.3835,-77.2328,4.66,90,100,1.18,CA,1666108245
27,bambous virieux,-20.3428,57.7575,22.14,68,75,3.6,MU,1666108246
28,zangakatun,39.8212,45.0406,12.84,55,97,2.15,AM,1666108246
29,saint-louis,16.3333,-15.0,38.8,24,4,1.78,SN,1666108247
30,midwest city,35.4495,-97.3967,9.12,33,75,6.17,US,1666108247
31,grimmen,54.1121,13.0405,16.1,75,26,5.54,DE,1666108249
32,cape town,-33.9258,18.4232,20.61,71,0,9.26,ZA,1666108250
33,stornoway,58.2093,-6.3865,12.18,79,20,3.09,GB,1666108251
34,naberera,-4.2,36.9333,21.12,54,94,6.38,TZ,1666108252
35,chokurdakh,70.6333,147.9167,-14.63,98,94,3.02,RU,1666108253
36,drochia,48.035,27.8161,13.39,30,73,3.46,MD,1666108253
37,klaksvik,62.2266,-6.589,6.51,65,99,4.24,FO,1666108254
38,labuhan,-6.8844,112.2051,25.24,88,100,2.74,ID,1666108254
39,tomatlan,19.9333,-105.25,28.05,71,93,0.58,MX,1666108255
40,clyde river,70.4692,-68.5914,-5.87,93,100,9.77,CA,1666108255
41,sao joao da barra,-21.6403,-41.0511,29.05,75,60,7.15,BR,1666108256
42,margate,51.3813,1.3862,16.84,76,3,1.34,GB,1666108256
43,ancud,-41.8697,-73.8203,14.75,70,11,2.68,CL,1666108257
44,collierville,35.042,-89.6645,7.11,47,0,5.66,US,1666108151
45,kapaa,22.0752,-159.319,22.99,84,0,3.6,US,1666108257
46,mogadishu,2.0371,45.3438,25.67,83,13,6.45,SO,1666108258
47,tsalka,41.5946,44.0891,9.6,95,47,1.73,GE,1666108259
48,dalby,-27.1833,151.2667,16.66,80,100,4.26,AU,1666108259
49,hobart,-42.8794,147.3294,11.92,68,8,6.69,AU,1666108143
50,dikson,73.5069,80.5464,-1.34,75,100,7.28,RU,1666108260
51,hilo,19.7297,-155.09,26.27,83,0,2.57,US,1666108260
52,businga,3.3333,20.8833,24.82,87,99,0.97,CD,1666108261
53,lasa,46.6166,10.7002,23.49,68,11,2.01,IT,1666108019
54,vaini,-21.2,-175.2,23.09,100,20,2.57,TO,1666108262
55,cayenne,4.9333,-52.3333,32.02,58,75,5.14,GF,1666108014
56,ust-kulom,61.6864,53.6902,4.3,88,86,2.85,RU,1666108263
57,udachnyy,66.4167,112.4,-8.08,85,100,2.19,RU,1666108263
58,east london,-33.0153,27.9116,21.52,88,40,4.63,ZA,1666108265
59,busselton,-33.65,115.3333,11.67,92,6,3.95,AU,1666108265
60,airai,-8.9266,125.4092,17.08,93,100,0.28,TL,1666108266
61,grindavik,63.8424,-22.4338,7.26,70,75,6.17,IS,1666108267
62,barrow,71.2906,-156.7887,-3.99,80,100,4.63,US,1666108163
63,banda,25.4833,80.3333,24.62,52,0,2.68,IN,1666108268
64,atuona,-9.8,-139.0333,24.69,69,1,7.05,PF,1666108268
65,hermanus,-34.4187,19.2345,21.56,80,9,6.07,ZA,1666108269
66,mar del plata,-38.0023,-57.5575,16.64,83,40,8.05,AR,1666108267
67,caravelas,-17.7125,-39.2481,26.69,64,94,4.14,BR,1666108272
68,port lincoln,-34.7333,135.8667,15.02,88,83,5.2,AU,1666108273
69,bredasdorp,-34.5322,20.0403,19.14,75,6,6.01,ZA,1666108273
70,mendi,-6.1761,143.6513,12.22,97,100,1.45,PG,1666108274
71,cobija,-11.0267,-68.7692,27.1,83,100,1.54,BO,1666108274
72,deer lake,49.1667,-57.4316,11.92,94,100,1.03,CA,1666108275
73,nalut,30.3333,10.85,25.41,27,0,5.11,LY,1666108275
74,saskylakh,71.9167,114.0833,-12.18,97,95,3.34,RU,1666108276
75,dudinka,69.4058,86.1778,-0.21,96,100,8.24,RU,1666108276
76,zamberk,50.086,16.4674,16.79,73,89,1.12,CZ,1666108277
77,jaguariaiva,-24.2511,-49.7058,18.69,81,100,2.57,BR,1666108277
78,aberdeen,57.1437,-2.0981,11.41,78,40,3.6,GB,1666107988
79,mahebourg,-20.4081,57.7,22.16,68,75,3.6,MU,1666108278
80,kedrovyy,56.1667,91.8167,3.26,95,97,2.95,RU,1666108280
81,makakilo city,21.3469,-158.0858,21.66,81,0,2.57,US,1666108282
82,qostanay,53.1667,63.5833,3.16,70,0,6.0,KZ,1666108282
83,esperance,-33.8667,121.9,11.24,87,0,4.56,AU,1666108282
84,darnah,32.767,22.6367,20.86,73,50,7.2,LY,1666108283
85,provideniya,64.3833,-173.3,-4.14,76,26,1.15,RU,1666108283
86,rafaela,-31.2503,-61.4867,21.1,42,100,1.79,AR,1666108109
87,saint-philippe,-21.3585,55.7679,22.77,76,37,4.08,RE,1666108284
88,ponta do sol,32.6667,-17.1,26.51,69,69,3.91,PT,1666108284
89,solnechnyy,50.7214,136.6319,0.06,60,1,3.94,RU,1666108285
90,saint george,37.1041,-113.5841,13.33,44,0,1.54,US,1666108286
91,alba,52.0324,23.1165,16.31,69,100,2.59,PL,1666108287
92,arman,59.7,150.1667,-4.99,49,100,4.64,RU,1666108290
93,ugoofaaru,5.6667,73.0,26.95,80,100,8.28,MV,1666108290
94,butaritari,3.0707,172.7902,27.47,77,100,6.02,KI,1666108291
95,kavaratti,10.5669,72.642,27.12,78,100,7.0,IN,1666108292
96,zhangye,38.9342,100.4517,11.11,16,0,1.67,CN,1666108292
97,shenjiamen,29.9576,122.298,16.43,59,1,7.4,CN,1666108292
98,itarema,-2.9248,-39.9167,31.07,54,14,9.48,BR,1666108293
99,trincomalee,8.5711,81.2335,26.66,82,100,6.96,LK,1666108294
100,castro,-24.7911,-50.0119,17.07,88,100,3.64,BR,1666108294
101,heihe,50.2441,127.4902,2.32,49,3,3.14,CN,1666108295
102,rio gallegos,-51.6226,-69.2181,20.03,26,75,8.23,AR,1666108296
103,siavonga,-16.5382,28.7088,31.47,32,71,1.58,ZM,1666108296
104,bluff,-46.6,168.3333,8.32,76,100,7.41,NZ,1666108297
105,nova olimpia,-14.7972,-57.2881,40.11,21,93,1.65,BR,1666108147
106,palencia,42.4167,-4.5,24.4,30,40,8.66,ES,1666108219
107,inhambane,-23.865,35.3833,26.99,65,40,5.81,MZ,1666108299
108,iqaluit,63.7506,-68.5145,-4.15,79,75,6.71,CA,1666108300
109,lebu,-37.6167,-73.65,14.7,72,56,3.57,CL,1666108300
110,calabozo,8.9242,-67.4293,28.66,75,80,2.61,VE,1666108301
111,sao filipe,14.8961,-24.4956,26.87,78,46,3.71,CV,1666108301
112,torbay,47.6666,-52.7314,14.59,95,100,3.6,CA,1666108302
113,kavieng,-2.5744,150.7967,27.67,71,100,7.28,PG,1666108303
114,yidu,24.1614,115.1328,19.73,27,99,2.78,CN,1666108303
115,cedar city,37.6775,-113.0619,14.11,49,0,0.0,US,1666108304
116,victoria,22.2855,114.1577,20.14,77,100,6.71,HK,1666108269
117,faanui,-16.4833,-151.75,25.07,78,50,7.24,PF,1666108305
118,arraial do cabo,-22.9661,-42.0278,27.98,74,75,7.2,BR,1666108175
119,hithadhoo,-0.6,73.0833,27.51,69,100,1.56,MV,1666108307
120,port alfred,-33.5906,26.891,20.1,87,100,4.31,ZA,1666108308
121,lichuan,30.3,108.85,9.72,77,0,1.1,CN,1666108308
122,talnakh,69.4865,88.3972,-0.44,99,100,5.81,RU,1666108309
123,novorzhev,57.0294,29.3338,9.22,90,100,2.23,RU,1666108309
124,muncar,-8.4333,114.3333,23.87,96,100,0.69,ID,1666108310
125,jashpurnagar,22.9,84.15,19.6,87,14,1.17,IN,1666108311
126,chuy,-33.6971,-53.4616,18.12,71,100,7.39,UY,1666108311
127,kulykivka,51.3735,31.6466,13.2,62,97,4.6,UA,1666108312
128,half moon bay,37.4636,-122.4286,19.71,86,0,0.0,US,1666108312
129,bocana de paiwas,12.7857,-85.1227,26.99,81,99,1.83,NI,1666108313
130,el alto,-4.2714,-81.2147,18.81,68,97,5.21,PE,1666108313
131,sitka,57.0531,-135.33,12.94,82,100,5.14,US,1666108314
132,punta arenas,-53.15,-70.9167,13.06,62,75,14.4,CL,1666108132
133,bay city,43.5945,-83.8889,4.18,89,100,7.72,US,1666108024
134,baruun-urt,46.6806,113.2792,2.25,22,95,4.99,MN,1666108315
135,ambon,-3.6954,128.1814,26.08,83,20,1.54,ID,1666108315
136,corowa,-36.0333,146.3833,10.79,92,23,2.2,AU,1666108316
137,port elizabeth,-33.918,25.5701,24.5,83,20,4.63,ZA,1666108304
138,ocos,14.5094,-92.1933,26.56,86,100,5.18,GT,1666108317
139,georgetown,5.4112,100.3354,28.86,89,40,1.54,MY,1666108133
140,tuktoyaktuk,69.4541,-133.0374,-2.0,93,100,5.14,CA,1666108318
141,brenham,30.1669,-96.3977,14.47,40,0,3.09,US,1666108319
142,peniche,39.3558,-9.3811,22.82,89,84,8.69,PT,1666108321
143,tawang,27.5833,91.8667,4.36,77,3,2.41,IN,1666108321
144,havelock,34.8791,-76.9013,17.99,69,100,6.17,US,1666108322
145,novobelokatay,55.7062,58.9549,3.49,93,100,6.03,RU,1666108322
146,puerto del rosario,28.5004,-13.8627,24.86,73,0,4.63,ES,1666108035
147,mount gambier,-37.8333,140.7667,10.65,91,7,1.3,AU,1666108323
148,rindal,63.0565,9.2124,4.36,94,95,2.47,NO,1666108324
149,roseburg,43.2165,-123.3417,12.84,82,100,0.0,US,1666108229
150,kaeo,-35.1,173.7833,7.96,94,62,2.17,NZ,1666108325
151,biak,-0.9131,122.8766,25.18,88,100,0.81,ID,1666108326
152,kahului,20.8947,-156.47,23.8,60,0,3.09,US,1666108246
153,lavrentiya,65.5833,-171.0,-4.78,75,3,1.76,RU,1666108328
154,sabang,5.8933,95.3214,27.0,81,99,9.99,ID,1666108330
155,pangnirtung,66.1451,-65.7125,-4.0,63,40,4.63,CA,1666108330
156,corn island,12.1694,-83.0418,28.07,74,85,3.44,NI,1666108331
157,innisfail,-17.5333,146.0333,24.83,74,87,1.53,AU,1666108331
158,almaznyy,48.0448,40.045,10.39,47,15,3.44,RU,1666108332
159,geraldton,-28.7667,114.6,13.23,88,0,2.57,AU,1666108332
160,kokopo,-4.352,152.2633,25.49,75,60,0.38,PG,1666108333
161,yellowknife,62.456,-114.3525,4.29,87,75,5.14,CA,1666108333
162,sao miguel do araguaia,-13.275,-50.1628,40.09,13,33,3.87,BR,1666108241
163,belmonte,-15.8631,-38.8828,26.92,65,70,4.36,BR,1666108334
164,pisco,-13.7,-76.2167,17.23,77,100,3.09,PE,1666108335
165,ambilobe,-13.2,49.05,24.36,62,46,2.28,MG,1666108335
166,aripuana,-9.1667,-60.6333,33.29,45,56,2.23,BR,1666108336
167,kaitangata,-46.2817,169.8464,6.48,77,100,4.2,NZ,1666108336
168,lesnoy,57.6198,63.0784,5.66,74,100,4.75,RU,1666108337
169,evensk,61.95,159.2333,-5.12,85,100,13.77,RU,1666108338
170,sur,22.5667,59.5289,27.99,40,100,0.49,OM,1666108339
171,la ronge,55.1001,-105.2842,5.14,52,75,2.57,CA,1666108339
172,danielskuil,-28.1887,23.5395,19.41,60,90,1.96,ZA,1666108341
173,chunhuhub,19.55,-88.6833,31.5,54,79,1.46,MX,1666108341
174,avera,33.194,-82.5271,12.53,26,0,4.9,US,1666108342
175,ouallam,14.3188,2.0866,37.24,10,61,4.17,NE,1666108342
176,challapata,-18.9,-66.7667,14.15,30,0,5.26,BO,1666108343
177,olafsvik,64.8945,-23.7142,7.01,76,100,8.16,IS,1666108344
178,neepawa,50.2289,-99.4664,-1.78,27,32,4.19,CA,1666108344
179,freetown,8.484,-13.2299,29.84,74,40,4.12,SL,1666108345
180,nome,64.5011,-165.4064,1.04,100,100,0.0,US,1666108345
181,hovd,48.0056,91.6419,7.16,39,100,3.39,MN,1666108346
182,ugra,54.7777,34.3267,13.14,80,100,4.8,RU,1666108347
183,upernavik,72.7868,-56.1549,-1.11,95,100,5.17,GL,1666108348
184,sembakung,3.8167,117.25,23.47,99,99,0.21,ID,1666108349
185,shakawe,-18.3667,21.85,29.22,27,86,3.76,BW,1666108350
186,upington,-28.4478,21.2561,32.21,19,20,3.09,ZA,1666108351
187,gwanda,-20.9333,29.0,27.66,25,96,3.43,ZW,1666108352
188,kruisfontein,-34.0033,24.7314,18.65,82,98,4.77,ZA,1666108352
189,grand gaube,-20.0064,57.6608,22.22,65,47,0.89,MU,1666108353
190,cacahuatepec,16.8861,-99.6106,25.51,91,100,0.46,MX,1666108353
191,paita,-5.0892,-81.1144,20.56,67,86,4.81,PE,1666108354
192,bumba,2.1833,22.4667,26.54,70,65,0.58,CD,1666108354
193,maragogi,-9.0122,-35.2225,26.6,73,24,5.04,BR,1666108354
194,kosa,59.9445,54.9977,4.57,92,89,2.88,RU,1666108355
195,lagoa,39.05,-27.9833,16.61,61,63,12.96,PT,1666108355
196,cabra,37.4725,-4.4421,29.33,30,100,4.53,ES,1666108356
197,gat,31.61,34.7642,24.38,100,0,3.69,IL,1666108356
198,buala,-8.145,159.5921,26.74,82,17,3.0,SB,1666108357
199,asau,46.4333,26.4,13.51,48,47,2.08,RO,1666108357
200,isangel,-19.55,169.2667,23.79,88,33,4.05,VU,1666108358
201,pevek,69.7008,170.3133,-17.36,96,56,0.91,RU,1666108358
202,husavik,66.0449,-17.3389,3.43,75,95,4.28,IS,1666108359
203,kodiak,57.79,-152.4072,7.73,81,100,6.17,US,1666108359
204,zyryanka,65.75,150.85,-14.65,93,63,7.2,RU,1666108360
205,valparaiso,-33.0393,-71.6273,17.22,79,20,2.57,CL,1666108207
206,baykit,61.67,96.37,-0.67,89,82,2.55,RU,1666108361
207,port moresby,-9.4431,147.1797,23.68,94,40,2.57,PG,1666108361
208,meulaboh,4.1363,96.1285,24.82,88,100,1.23,ID,1666108362
209,nakamura,32.9833,132.9333,12.53,87,32,1.84,JP,1666108363
210,simao,22.7886,100.9748,13.08,67,24,1.42,CN,1666108363
211,laguna,38.421,-121.4238,21.67,79,0,2.06,US,1666108364
212,bethel,41.3712,-73.414,12.2,54,20,3.6,US,1666108364
213,kodinsk,58.6881,99.1844,1.19,98,100,2.49,RU,1666108364
214,luderitz,-26.6481,15.1594,19.26,68,46,6.95,NA,1666108365
215,touros,-5.1989,-35.4608,29.51,61,47,8.02,BR,1666108365
216,glasgow,55.8652,-4.2576,13.29,73,20,5.66,GB,1666108322
217,ladario,-19.0047,-57.6017,28.05,78,75,3.09,BR,1666108366
218,sao teotonio,37.5128,-8.7071,22.45,60,31,4.98,PT,1666108367
219,puri,19.8,85.85,28.29,72,76,4.03,IN,1666108367
220,yumbe,3.4651,31.2469,21.32,84,83,1.37,UG,1666108367
221,pangkalanbuun,-2.6833,111.6167,23.87,96,100,0.9,ID,1666108368
222,hay river,60.8156,-115.7999,10.99,58,40,3.6,CA,1666108369
223,verkhniye achaluki,43.3469,44.6975,11.25,93,100,2.0,RU,1666108370
224,terrace bay,48.7834,-87.1,2.61,74,94,12.02,CA,1666108370
225,ust-koksa,50.2696,85.6108,0.07,91,80,1.22,RU,1666108371
226,sorong,-0.8833,131.25,27.45,83,58,5.38,ID,1666108371
227,longyearbyen,78.2186,15.6401,2.91,81,100,12.35,SJ,1666108372
228,san patricio,28.017,-97.5169,15.92,43,99,7.82,US,1666108372
229,san cristobal,7.7669,-72.225,22.1,45,46,0.57,VE,1666108372
230,lensk,60.7253,114.9278,0.63,91,100,3.72,RU,1666108369
231,carrollton,32.9537,-96.8903,14.63,31,0,5.66,US,1666108361
232,norman wells,65.282,-126.8329,-2.98,100,40,2.06,CA,1666108373
233,makokou,0.5738,12.8642,23.32,95,97,1.0,GA,1666108374
234,llata,-9.4167,-76.7833,16.97,62,70,3.69,PE,1666108375
235,neiafu,-18.65,-173.9833,25.38,88,40,4.63,TO,1666108376
236,moroni,-11.7022,43.2551,26.0,73,20,5.14,KM,1666108376
237,cap malheureux,-19.9842,57.6142,20.82,65,49,0.89,MU,1666108377
238,walvis bay,-22.9575,14.5053,16.72,71,45,7.35,NA,1666108377
239,rawson,-43.3002,-65.1023,23.74,25,2,13.52,AR,1666108102
240,tikaitnagar,26.95,81.5833,23.56,59,0,0.35,IN,1666108378
241,sembe,1.6481,14.5806,24.54,91,84,0.23,CG,1666108378
242,aksu,41.1231,80.2644,15.37,20,81,3.23,CN,1666108378
243,russkaya polyana,49.417,31.9201,12.87,32,10,3.97,UA,1666108380
244,broken hill,-31.95,141.4333,14.58,66,92,7.37,AU,1666108380
245,cherskiy,68.75,161.3,-21.11,100,80,2.3,RU,1666108381
246,beya,53.0533,90.9139,4.45,73,96,4.72,RU,1666108381
247,goba,7.0167,39.9833,9.93,95,100,0.83,ET,1666108382
248,ordzhonikidze,52.4411,61.7408,6.22,57,92,5.05,KZ,1666108383
249,high rock,26.6208,-78.2833,28.01,72,32,6.52,BS,1666108383
250,floro,61.5996,5.0328,9.04,61,40,6.69,NO,1666108384
251,balabac,7.9868,117.0645,26.96,83,100,4.28,PH,1666108385
252,bintulu,3.1667,113.0333,25.23,100,40,0.0,MY,1666108385
253,tchaourou,8.8865,2.5975,31.43,56,37,1.28,BJ,1666108386
254,zhongshan,21.3226,110.5829,19.3,72,100,1.98,CN,1666108386
255,quatre cocos,-20.2078,57.7625,22.06,73,42,5.33,MU,1666108387
256,prieska,-29.6641,22.7474,27.52,31,83,3.22,ZA,1666108388
257,pathanamthitta,9.2667,76.7833,25.41,97,100,1.05,IN,1666108388
258,comodoro rivadavia,-45.8667,-67.5,25.92,24,0,7.2,AR,1666108389
259,sungaipenuh,-2.0833,101.3833,18.78,95,100,0.63,ID,1666108389
260,aklavik,68.2191,-135.0107,-4.0,93,100,1.54,CA,1666108390
261,camacha,33.0833,-16.3333,22.68,73,20,7.2,PT,1666108390
262,thompson,55.7435,-97.8558,1.09,60,40,3.6,CA,1666108392
263,hambantota,6.1241,81.1185,26.19,89,100,3.09,LK,1666108392
264,swanton,41.5887,-83.8911,6.19,71,100,9.26,US,1666108393
265,san quintin,30.4833,-115.95,21.2,74,0,1.37,MX,1666108394
266,codrington,-38.2667,141.9667,10.8,89,2,2.78,AU,1666108394
267,chapais,49.7834,-74.8492,7.88,90,100,5.63,CA,1666108395
268,chengde,40.9725,117.9361,5.17,26,0,0.63,CN,1666108395
269,portland,45.5234,-122.6762,13.69,96,100,1.34,US,1666108184
270,berdigestyakh,62.0989,126.6992,-5.22,99,100,1.48,RU,1666108396
271,coquimbo,-29.9533,-71.3436,14.85,72,20,4.63,CL,1666108397
272,samana,19.2056,-69.3369,30.12,79,40,0.0,DO,1666108397
273,anchorage,61.2181,-149.9003,6.78,90,75,1.54,US,1666108132
274,fairbanks,64.8378,-147.7164,-1.33,91,100,0.0,US,1666108256
275,cockburn town,21.4612,-71.1419,28.18,74,6,5.43,TC,1666108398
276,tura,25.5198,90.2201,20.45,90,1,1.51,IN,1666108399
277,sakakah,29.9697,40.2064,33.76,18,78,2.92,SA,1666108106
278,ola,59.5833,151.2833,-4.92,48,100,8.58,RU,1666108399
279,hasaki,35.7333,140.8333,13.45,75,99,9.04,JP,1666108400
280,jiuquan,39.7432,98.5174,8.56,15,39,0.7,CN,1666108400
281,tuatapere,-46.1333,167.6833,4.2,92,79,2.4,NZ,1666108401
282,kloulklubed,7.0419,134.2556,25.28,75,100,5.19,PW,1666108401
283,ust-maya,60.4167,134.5333,-10.78,98,94,1.15,RU,1666108403
284,san juan,-31.5375,-68.5364,18.64,53,98,4.27,AR,1666108403
285,whitianga,-36.8333,175.7,10.79,84,3,3.46,NZ,1666108404
286,praia,14.9215,-23.5087,29.3,74,20,8.75,CV,1666108277
287,okitipupa,6.5047,4.7839,26.38,89,100,2.39,NG,1666108405
288,monmouth,40.3001,-74.1663,12.85,53,100,4.12,US,1666108405
289,san andres,12.5847,-81.7006,30.01,70,40,3.09,CO,1666108406
290,lyngseidet,69.5763,20.2189,3.0,94,97,2.48,NO,1666108407
291,dunmore town,25.5,-76.65,28.05,70,43,5.18,BS,1666108408
292,galegos,41.5627,-8.572,19.8,82,100,5.76,PT,1666108409
293,kamen-rybolov,44.7481,132.0403,2.69,55,0,3.62,RU,1666108410
294,dabat,12.9842,37.765,13.56,80,67,0.79,ET,1666108411
295,camopi,3.1655,-52.3158,32.97,48,87,1.27,GF,1666108412
296,jalu,29.0331,21.5482,22.33,37,25,3.89,LY,1666108413
297,eyl,7.9803,49.8164,26.53,76,53,6.33,SO,1666108413
298,valdivia,-39.8142,-73.2459,21.05,63,29,2.71,CL,1666108414
299,teguldet,57.3064,88.1667,2.99,96,100,1.69,RU,1666108414
300,aquiraz,-3.9014,-38.3911,31.92,56,22,7.5,BR,1666108415
301,ulaangom,49.9811,92.0667,2.92,55,91,1.6,MN,1666108415
302,souillac,-20.5167,57.5167,22.21,68,75,3.6,MU,1666108416
303,alice springs,-23.7,133.8833,15.75,63,0,4.63,AU,1666108416
304,koriyama,37.4,140.3833,10.07,78,70,1.12,JP,1666108417
305,kingman,35.1894,-114.053,20.07,49,5,4.02,US,1666108417
306,college,64.8569,-147.8028,-1.34,93,100,0.0,US,1666108418
307,la romana,18.4273,-68.9728,30.2,79,75,5.14,DO,1666108418
308,daru,-9.0763,143.2092,26.35,86,95,3.4,PG,1666108419
309,boden,65.8252,21.6886,2.0,82,57,1.78,SE,1666108420
310,carroll,39.5501,-77.0164,10.36,55,0,5.14,US,1666108420
311,ust-kuyga,70.0167,135.6,-16.25,100,100,2.48,RU,1666108421
312,bucerias,20.75,-105.3333,29.43,70,95,1.6,MX,1666108205
313,tandil,-37.3217,-59.1332,21.63,40,75,6.1,AR,1666108422
314,horsham,51.064,-0.3272,18.4,72,0,4.12,GB,1666108422
315,vao,-22.6667,167.4833,21.93,74,37,6.57,NC,1666108423
316,bathsheba,13.2167,-59.5167,31.34,70,40,6.17,BB,1666108423
317,salalah,17.0151,54.0924,25.49,59,7,1.67,OM,1666108424
318,harwich,51.9419,1.2844,17.38,69,1,3.13,GB,1666108424
319,sambava,-14.2667,50.1667,22.28,79,8,4.81,MG,1666108424
320,yarada,17.65,83.2667,28.18,89,40,1.03,IN,1666108425
321,namibe,-15.1961,12.1522,21.65,72,17,8.44,AO,1666108426
322,kokkola,63.8385,23.1307,6.63,76,20,2.57,FI,1666108426
323,leningradskiy,69.3833,178.4167,-15.29,86,14,2.36,RU,1666108426
324,vostok,46.4856,135.8833,-1.97,68,12,3.1,RU,1666108427
325,rio grande,-32.035,-52.0986,19.06,81,100,9.72,BR,1666108427
326,chegdomyn,51.1167,133.0167,-3.17,78,9,1.75,RU,1666108428
327,ilulissat,69.2167,-51.1,1.57,98,100,1.84,GL,1666108429
328,viseu,40.661,-7.9097,22.7,39,34,6.13,PT,1666108429
329,cidreira,-30.1811,-50.2056,19.2,91,100,7.96,BR,1666108430
330,bafoulabe,13.8065,-10.8321,27.25,72,44,1.8,ML,1666108430
331,swan river,52.1058,-101.2676,0.94,40,0,2.06,CA,1666108431
332,rocha,-34.4833,-54.3333,18.5,66,100,7.5,UY,1666108431
333,juruti,-2.1522,-56.0922,30.34,62,91,1.02,BR,1666108432
334,kailua,21.4022,-157.7394,22.47,89,1,1.18,US,1666108432
335,verkh-suetka,53.3,80.05,3.39,76,83,3.26,RU,1666108433
336,dunedin,-45.8742,170.5036,7.67,73,59,0.89,NZ,1666108434
337,mount isa,-20.7333,139.5,21.87,100,40,2.57,AU,1666108425
338,mahina,-17.5065,-149.489,23.87,83,75,1.03,PF,1666108434
339,kamloops,50.6665,-120.3192,2.55,93,20,2.57,CA,1666108435
340,santa rosalia,27.3167,-112.2833,24.62,56,0,0.74,MX,1666108436
341,nerchinskiy zavod,51.3088,119.61,-2.98,52,94,2.63,RU,1666108436
342,torrington,41.8007,-73.1212,11.86,64,82,0.45,US,1666108437
343,krutikha,53.9599,81.2093,3.72,80,93,3.77,RU,1666108437
344,bonavista,48.6499,-53.1147,11.86,90,99,3.43,CA,1666108438
345,zaysan,47.4667,84.8667,5.97,85,100,2.66,KZ,1666108438
346,mana,5.6592,-53.7767,30.26,64,99,4.56,GF,1666108439
347,nemuro,43.3236,145.575,7.03,78,6,5.77,JP,1666108439
348,mandera,3.9366,41.867,30.45,48,100,2.94,KE,1666108440
349,numan,9.4667,12.0333,32.85,40,100,1.09,NG,1666108440
350,pingliang,35.5392,106.6861,9.58,64,48,2.2,CN,1666108441
351,saldanha,-33.0117,17.9442,22.03,86,48,10.3,ZA,1666108441
352,petropavlovsk-kamchatskiy,53.0452,158.6483,3.33,52,20,5.0,RU,1666108442
353,vila velha,-20.3297,-40.2925,28.97,75,40,7.72,BR,1666108442
354,bengkulu,-3.8004,102.2655,24.34,90,100,1.8,ID,1666108381
355,honiara,-9.4333,159.95,24.83,85,45,2.39,SB,1666108443
356,pemba,-12.974,40.5178,25.03,76,0,6.33,MZ,1666108444
357,ahipara,-35.1667,173.1667,12.53,73,37,4.64,NZ,1666108445
358,shingu,33.7333,135.9833,13.03,79,5,2.67,JP,1666108446
359,korla,41.7597,86.1469,13.51,19,27,1.37,CN,1666108447
360,lerik,38.7726,48.4128,9.8,95,100,0.95,AZ,1666108447
361,quelimane,-17.8786,36.8883,24.99,75,1,3.6,MZ,1666108448
362,katyuzhanka,50.806,30.1376,13.34,58,66,4.13,UA,1666108448
363,narwar,25.65,77.9,22.35,55,0,1.29,IN,1666108449
364,port hardy,50.6996,-127.4199,11.1,93,40,1.54,CA,1666108449
365,sol-iletsk,51.1631,54.9918,6.21,65,99,3.85,RU,1666108450
366,tabou,4.423,-7.3528,26.86,77,68,3.03,CI,1666108450
367,saint anthony,45.0205,-93.218,0.14,61,0,1.79,US,1666108451
368,srednekolymsk,67.45,153.6833,-18.6,98,66,3.81,RU,1666108451
369,homer,59.6425,-151.5483,5.98,87,100,3.6,US,1666108312
370,livingston,55.9029,-3.5226,11.58,82,40,4.12,GB,1666108161
371,lima,-12.0432,-77.0282,18.28,79,100,2.57,PE,1666108323
372,christchurch,-43.5333,172.6333,6.06,95,100,0.51,NZ,1666108410
373,beitbridge,-22.2167,30.0,32.1,22,70,7.41,ZW,1666108454
374,kortkeros,61.8106,51.5806,4.0,84,100,3.93,RU,1666108454
375,port hedland,-20.3167,118.5667,21.03,73,0,3.09,AU,1666108455
376,fortuna,40.5982,-124.1573,10.51,100,0,3.09,US,1666108456
377,dicabisagan,17.0818,122.4157,25.56,88,100,2.02,PH,1666108456
378,smithers,54.7804,-127.1743,5.18,93,40,2.57,CA,1666108321
379,peleduy,59.6289,112.7406,1.58,98,100,4.04,RU,1666108457
380,yulara,-25.2406,130.9889,17.3,57,0,5.62,AU,1666108458
381,roebourne,-20.7833,117.1333,23.48,65,0,2.95,AU,1666108458
382,mariinskiy posad,56.115,47.718,7.52,87,100,5.25,RU,1666108459
383,mayumba,-3.432,10.6554,26.24,79,69,4.93,GA,1666108460
384,adrar,20.5022,-10.0711,36.92,8,63,4.93,MR,1666108460
385,port blair,11.6667,92.75,26.02,89,75,0.0,IN,1666108462
386,komsomolskiy,40.4272,71.7189,14.4,77,75,2.06,UZ,1666108463
387,ribeira grande,38.5167,-28.7,19.22,48,20,8.75,PT,1666108463
388,qasigiannguit,68.8193,-51.1922,1.59,99,100,1.4,GL,1666108464
389,buraydah,26.326,43.975,31.25,11,100,1.13,SA,1666108464
390,port-gentil,-0.7193,8.7815,28.98,79,40,7.72,GA,1666108465
391,saint-francois,46.4154,3.9054,23.69,57,0,4.12,FR,1666108465
392,vestmannaeyjar,63.4427,-20.2734,7.55,70,100,6.17,IS,1666108466
393,bogande,12.9714,-0.1436,36.36,15,38,3.47,BF,1666108466
394,quesnel,52.9999,-122.5029,1.28,93,0,1.03,CA,1666108467
395,usman,52.0466,39.7288,16.02,63,100,7.54,RU,1666108468
396,aykhal,66.0,111.5,-8.6,97,98,2.68,RU,1666108469
397,carlyle,38.6103,-89.3726,6.12,62,6,1.79,US,1666108469
398,kayerkan,69.3497,87.7602,-0.82,100,100,8.86,RU,1666108470
399,moron,-34.6534,-58.6198,21.64,71,95,4.77,AR,1666108471
400,paamiut,61.994,-49.6678,3.92,80,100,5.41,GL,1666108471
401,hamilton,39.1834,-84.5333,6.16,72,100,3.13,US,1666108405
402,seoul,37.5683,126.9778,7.69,70,0,1.03,KR,1666108472
403,woodward,36.4337,-99.3904,5.54,42,100,3.09,US,1666108472
404,georgiyevskoye,58.731,45.024,5.97,93,100,2.17,RU,1666108473
405,mayo,38.8876,-76.5119,12.32,53,0,5.14,US,1666108337
406,kysyl-syr,63.8986,122.7617,-5.55,99,100,1.46,RU,1666108473
407,tashara,55.5195,83.5094,3.27,95,100,4.69,RU,1666108475
408,acajutla,13.5928,-89.8275,27.84,71,80,0.69,SV,1666108475
409,capoterra,39.1763,8.9718,24.84,71,0,3.6,IT,1666108477
410,muisne,0.6,-80.0333,23.63,81,100,4.52,EC,1666108477
411,praia da vitoria,38.7333,-27.0667,18.75,77,40,12.08,PT,1666108478
412,maniitsoq,65.4167,-52.9,2.83,97,100,8.61,GL,1666108478
413,kalemie,-5.9475,29.1947,25.52,60,18,1.2,CD,1666108479
414,tagusao,9.1924,117.8141,26.91,82,100,2.67,PH,1666108480
415,mao,39.8885,4.2658,24.31,78,75,4.12,ES,1666108480
416,mahibadhoo,3.7833,72.9667,27.44,73,99,6.61,MV,1666108481
417,cabo san lucas,22.8909,-109.9124,28.36,69,62,0.45,MX,1666108297
418,panuco,22.05,-98.1667,23.53,88,99,5.04,MX,1666108481
419,hervey bay,-25.2986,152.8535,20.01,81,100,4.02,AU,1666108382
420,fayaoue,-20.65,166.5333,23.99,78,9,7.46,NC,1666108482
421,stolac,43.0844,17.9575,24.88,68,0,0.8,BA,1666108483
422,gamboma,-1.8764,15.8644,28.12,68,84,0.9,CG,1666108483
423,rundu,-17.9333,19.7667,28.61,27,72,1.39,NA,1666108484
424,carutapera,-1.195,-46.02,30.4,60,50,5.69,BR,1666108484
425,port-de-bouc,43.4,4.9833,25.42,65,20,2.57,FR,1666108485
426,nanortalik,60.1432,-45.2371,4.53,89,100,3.01,GL,1666108485
427,dzaoudzi,-12.7887,45.2699,25.94,73,20,3.6,YT,1666108486
428,aktau,43.65,51.2,10.32,46,0,3.91,KZ,1666108486
429,lorengau,-2.0226,147.2712,28.08,74,95,6.34,PG,1666108487
430,pachino,36.7186,15.0907,20.84,67,18,0.81,IT,1666108487
431,cabedelo,-6.9811,-34.8339,29.37,68,35,7.12,BR,1666108488
432,denpasar,-8.65,115.2167,24.84,100,75,0.0,ID,1666108489
433,ipixuna,-1.7625,-48.8043,34.53,46,87,0.75,BR,1666108489
434,broome,42.2506,-75.833,8.49,67,54,2.24,US,1666108491
435,tilichiki,60.4667,166.1,2.53,84,99,8.4,RU,1666108492
436,lakki marwat,32.6079,70.9114,27.89,20,0,1.53,PK,1666108492
437,veinticinco de mayo,-35.4323,-60.1727,17.77,87,64,3.58,AR,1666108300
438,avdon,54.6667,55.7167,4.62,86,100,6.0,RU,1666108493
439,katobu,-4.9408,122.5276,24.42,94,90,1.04,ID,1666108493
440,merauke,-8.4667,140.3333,25.67,89,86,4.56,ID,1666108494
441,yangliuqing,39.1375,116.9997,7.97,31,0,3.58,CN,1666108494
442,tieling,42.2931,123.8414,3.98,50,0,2.31,CN,1666108495
443,togur,58.3631,82.8265,2.41,95,100,0.74,RU,1666108495
444,thinadhoo,0.5333,72.9333,27.09,76,100,3.04,MV,1666108496
445,terra santa,-2.1042,-56.4869,28.45,67,93,2.1,BR,1666108496
446,colares,38.7992,-9.4469,23.82,84,75,8.75,PT,1666108497
447,havoysund,70.9963,24.6622,4.13,68,99,7.33,NO,1666108497
448,ostrovnoy,68.0531,39.5131,5.5,87,100,8.5,RU,1666108497
449,alofi,-19.0595,-169.9187,19.94,94,97,1.03,NU,1666108256
450,samandag,36.0842,35.9771,21.85,80,1,2.31,TR,1666108498
451,san joaquin,37.9333,-121.3011,20.3,89,0,2.57,US,1666108498
452,treinta y tres,-33.2333,-54.3833,18.57,74,100,7.04,UY,1666108499
453,nazareno,25.3833,-103.4167,17.5,83,100,2.85,MX,1666108499
454,tessalit,20.1986,1.0114,35.2,13,46,6.15,ML,1666108500
455,yaan,7.3833,8.5667,29.87,69,82,1.29,NG,1666108500
456,ixtapa,20.7,-105.2,29.01,70,95,0.45,MX,1666108501
457,dong hoi,17.4833,106.6,23.73,70,100,6.43,VN,1666108501
458,harindanga,22.0383,88.3214,25.32,75,22,1.68,IN,1666108502
459,pontypool,51.7011,-3.0444,17.34,72,84,4.91,GB,1666108502
460,ulladulla,-35.35,150.4667,14.9,92,100,1.66,AU,1666108503
461,la paz,-16.5,-68.15,13.99,50,40,3.09,BO,1666108503
462,hualmay,-11.0964,-77.6139,19.21,71,29,5.0,PE,1666108257
463,barroso,-21.1869,-43.9758,25.1,34,83,4.33,BR,1666108504
464,vryburg,-26.9566,24.7284,23.7,44,94,3.87,ZA,1666108505
465,beira,-19.8436,34.8389,27.05,69,20,7.72,MZ,1666108506
466,the valley,18.217,-63.0578,30.05,65,20,6.17,AI,1666108507
467,narsaq,60.9167,-46.05,2.07,82,100,3.22,GL,1666108507
468,juegang,32.3174,121.1855,12.25,63,0,2.9,CN,1666108508
469,verkhniy avzyan,53.5289,57.5372,2.72,96,98,3.75,RU,1666108508
470,araouane,18.9048,-3.5265,37.5,10,96,5.4,ML,1666108509
471,kirakira,-10.4544,161.9205,26.75,81,100,2.6,SB,1666108509
472,tautira,-17.7333,-149.15,24.43,81,32,7.68,PF,1666108510
473,singkang,2.1006,102.7994,24.57,89,79,0.84,MY,1666108510
474,taitung,22.7583,121.1444,21.87,80,64,8.25,TW,1666108511
475,nabire,-3.3667,135.4833,24.46,91,100,1.57,ID,1666108512
476,chifeng,42.2683,118.9636,5.09,20,0,2.81,CN,1666108512
477,caiaponia,-16.9567,-51.8103,36.72,14,26,4.07,BR,1666108513
478,salto,-31.3833,-57.9667,22.15,61,75,4.92,UY,1666108236
479,praya,14.9215,-23.5087,29.3,74,20,8.75,CV,1666108514
480,aksarka,66.5606,67.7975,4.54,95,100,6.74,RU,1666108515
481,abu zabad,12.35,29.25,31.09,29,16,1.28,SD,1666108516
482,kushima,31.4583,131.2333,15.65,82,48,3.32,JP,1666108517
483,beaune,47.0833,4.75,20.9,74,4,2.17,FR,1666108517
484,egvekinot,66.3167,-179.1667,-10.79,87,62,2.04,RU,1666108517
485,greenville,35.6127,-77.3663,12.29,48,100,2.57,US,1666108518
486,ust-ordynskiy,52.805,104.7508,1.46,84,53,1.58,RU,1666108519
487,tranas,58.0372,14.9782,9.66,93,90,3.8,SE,1666108519
488,pleasanton,37.6624,-121.8747,18.84,86,0,0.0,US,1666108325
489,beringovskiy,63.05,179.3167,3.64,92,100,11.19,RU,1666108520
490,newcastleton,55.1796,-2.8127,11.69,71,65,3.55,GB,1666108521
491,hirado,33.3597,129.5531,13.55,55,69,6.56,JP,1666108521
492,brokopondo,4.75,-55.1667,30.09,60,30,2.2,SR,1666108522
493,batagay,67.6333,134.6333,-17.52,99,86,1.75,RU,1666108523
494,laurel,39.0993,-76.8483,12.14,55,0,6.17,US,1666108523
495,statesville,35.7826,-80.8873,10.76,49,0,4.63,US,1666108414
496,tikrit,34.6071,43.6782,29.02,14,0,1.41,IQ,1666108524
497,iisalmi,63.5592,27.1907,3.03,90,100,1.89,FI,1666108525
498,lahij,13.1667,44.5833,26.32,55,8,2.68,YE,1666108525
499,derzhavinsk,51.1,66.3167,6.17,51,92,3.5,KZ,1666108526
500,kyren,51.6828,102.1408,3.4,73,100,0.3,RU,1666108527
501,kapit,2.0167,112.9333,23.38,99,100,0.53,MY,1666108528
502,altay,47.8667,88.1167,6.37,84,100,2.67,CN,1666108529
503,waseca,44.0777,-93.5074,-1.06,65,0,7.2,US,1666108530
504,nantucket,41.2835,-70.0995,19.08,90,51,7.95,US,1666108531
505,cadillac,44.2519,-85.4012,2.66,93,100,4.63,US,1666108532
506,sfantu gheorghe,45.8667,25.7833,15.32,51,33,0.92,RO,1666108532
507,kundiawa,-6.0167,144.9667,15.65,97,95,1.53,PG,1666108533
508,gornopravdinsk,60.05,69.9,5.18,90,100,3.75,RU,1666108533
509,bhandara,21.1667,79.65,23.48,86,91,1.95,IN,1666108534
510,wadi musa,30.3222,35.4793,18.54,63,4,1.15,JO,1666108534
511,charters towers,-20.1,146.2667,21.83,77,22,3.85,AU,1666108534
512,ustka,54.5805,16.8619,12.58,86,100,7.32,PL,1666108535
513,sawakin,19.1059,37.3321,30.48,69,6,4.26,SD,1666108535
514,severo-kurilsk,50.6789,156.125,4.75,68,57,14.82,RU,1666108536
515,rameswaram,9.2833,79.3,28.57,77,100,6.1,IN,1666108536
516,guerrero negro,27.9769,-114.0611,23.17,68,0,0.89,MX,1666108537
517,bandarbeyla,9.4942,50.8122,25.88,81,0,5.14,SO,1666108537
518,antofagasta,-23.65,-70.4,16.6,64,16,3.69,CL,1666108463
519,vila franca do campo,37.7167,-25.4333,17.23,70,72,9.02,PT,1666108538
520,bauta,22.9828,-82.5464,28.24,71,89,2.69,CU,1666108538
521,nsanje,-16.92,35.262,32.67,26,79,3.0,MW,1666108539
522,xuchang,34.0167,113.8167,12.46,35,0,3.02,CN,1666108539
523,todos santos,23.45,-110.2167,25.8,67,31,1.07,MX,1666108540
524,bataipora,-22.2953,-53.2711,21.37,89,100,3.98,BR,1666108540
525,tateyama,34.9833,139.8667,15.05,85,100,7.68,JP,1666108541
526,wajima,37.4,136.9,13.44,55,14,4.4,JP,1666108541
527,pokosnoye,55.5258,101.0536,3.58,81,86,5.09,RU,1666108541
528,waipawa,-41.4122,175.5153,7.59,91,45,1.7,NZ,1666108542
529,yaring,6.8662,101.3689,25.36,87,91,3.79,TH,1666108543
530,isiro,2.7739,27.616,24.06,73,81,0.14,CD,1666108543
531,chivilcoy,-34.8957,-60.0167,22.27,49,83,6.44,AR,1666108543
532,mandalgovi,45.7625,106.2708,6.23,23,7,2.94,MN,1666108544
533,nicoya,10.1483,-85.452,28.22,73,100,0.9,CR,1666108544
534,novocheremshansk,54.3571,50.1666,8.67,81,100,5.3,RU,1666108545
535,emirdag,39.0197,31.15,14.28,69,1,0.68,TR,1666108545
536,nouadhibou,20.931,-17.0347,33.99,27,49,9.26,MR,1666108546
537,tongliao,43.6125,122.2653,3.54,35,0,3.55,CN,1666108546
538,ryomgard,56.3843,10.503,13.0,81,100,6.17,DK,1666108546
539,khudumelapye,-23.8833,24.75,20.12,64,100,8.6,BW,1666108547
540,talcahuano,-36.7167,-73.1167,13.82,67,75,3.6,CL,1666108547
541,gifhorn,52.4833,10.55,17.28,68,0,3.6,DE,1666108548
542,bilma,18.6853,12.9164,31.9,18,0,4.17,NE,1666108548
543,vung tau,10.346,107.0843,26.39,83,65,4.9,VN,1666108549
544,byron bay,-28.65,153.6167,18.3,83,100,3.97,AU,1666108499
545,kalabo,-14.97,22.6814,33.55,14,100,2.9,ZM,1666108550
546,arcata,40.8665,-124.0828,10.66,93,0,1.54,US,1666108260
547,lemoore,36.3008,-119.7829,18.52,74,75,1.54,US,1666108551
548,norfolk,42.1668,-71.2495,18.86,95,89,3.69,US,1666108551
549,juba,4.8517,31.5825,25.61,69,79,1.1,SS,1666108552
550,pali,25.7667,73.3333,27.18,26,0,1.38,IN,1666108552
551,katsuura,35.1333,140.3,16.0,84,100,9.14,JP,1666108552
552,bambanglipuro,-7.95,110.2833,24.88,87,100,0.65,ID,1666108553
553,padang,-0.9492,100.3543,25.58,82,100,1.14,ID,1666108553
554,freeport,40.6576,-73.5832,13.43,46,89,2.24,US,1666108554
555,bulgan,48.8125,103.5347,5.37,40,67,1.26,MN,1666108554
556,sorland,67.667,12.6934,6.92,67,82,8.23,NO,1666108554
557,saryg-sep,51.5,95.6,4.7,44,100,1.22,RU,1666108555
558,batagay-alyta,67.8006,130.4114,-18.52,89,19,2.04,RU,1666108555
559,lompoc,34.6391,-120.4579,17.55,100,0,3.6,US,1666108556
560,changli,39.7042,119.1506,9.17,33,0,2.41,CN,1666108557
561,choma,-16.8065,26.9531,26.75,22,94,3.63,ZM,1666108557
562,tena,-0.9833,-77.8167,25.09,62,100,1.58,EC,1666108557
563,ilhabela,-23.7781,-45.3581,22.67,88,95,2.32,BR,1666108558
564,redmond,47.674,-122.1215,13.17,91,8,0.17,US,1666108556
565,wyndham,37.6985,-77.6125,12.81,52,3,1.79,US,1666108480
566,nhulunbuy,-12.2333,136.7667,26.34,78,88,0.0,AU,1666108559
567,sangamner,19.5667,74.2167,23.82,85,100,2.28,IN,1666108559
568,road town,18.4167,-64.6167,31.02,70,40,4.12,VG,1666108560
569,ranong,9.9658,98.6348,24.34,93,100,1.44,TH,1666108330
570,staryy nadym,65.6118,72.6842,4.57,90,99,8.05,RU,1666108561
571,dargaville,-35.9333,173.8833,10.97,83,13,3.83,NZ,1666108563
572,sovetskiy,61.3614,63.5842,3.93,96,100,3.71,RU,1666108564
573,tatarsk,55.219,75.9828,3.78,89,84,2.63,RU,1666108564
574,canchungo,12.0672,-16.0333,35.07,61,67,2.91,GW,1666108565
575,iquique,-20.2208,-70.1431,17.02,68,6,3.5,CL,1666108566
576,poum,-20.2333,164.0167,23.91,79,23,3.84,NC,1666108567
>>>>>>> 6df56c90bccabe4f7b1553c25c24391004d74cb8
